,row,xmin,xmax,yfit.max,yfit.min
1,0,63.19607622,100.4861113,105.8122484,60.23183287
2,1,62.33016709,101.7897438,106.1401888,60.20382453
3,2,60.38817021,104.3078479,106.4624585,60.17568996
4,3,59.22082364,106.1382092,106.7789366,60.14741348
5,4,58.67847708,106.9031858,107.0895022,60.11897942
6,5,58.67647631,107.491997,107.3940344,60.09037209
7,6,59.04599845,107.954293,107.6924122,60.0615758
8,7,59.27049341,108.5290406,107.9845148,60.03257487
9,8,59.32775839,108.9941144,108.2702211,60.00335362
10,9,59.44331782,109.4505246,108.5494102,59.97389636
11,10,59.59116163,109.9831198,108.8219613,59.94418741
12,11,59.70095183,110.2910258,109.0877534,59.91421109
13,12,59.68364416,110.5255246,109.3466656,59.88395172
14,13,59.59170558,110.8585665,109.5985769,59.8533936
15,14,59.58803424,111.3109169,109.8433665,59.82252107
16,15,59.52787494,111.5562938,110.0809133,59.79131842
17,16,59.51814299,111.7079643,110.3110965,59.75976999
18,17,59.61557889,111.8634422,110.5339503,59.72783554
19,18,59.76569545,112.0181042,110.7497314,59.69551278
20,19,59.90270012,112.1957265,110.9586527,59.66284294
21,20,59.93249809,112.4160452,111.1609272,59.62986725
22,21,59.8577895,112.5482325,111.3567677,59.59662694
23,22,59.89557116,112.7634034,111.5463871,59.56316324
24,23,59.82799153,112.848582,111.7299985,59.52951737
25,24,59.65726501,112.7877429,111.9078146,59.49573057
26,25,59.53803423,112.8089161,112.0800485,59.46184407
27,26,59.47937065,112.8451244,112.246913,59.42789908
28,27,59.48442116,113.1429099,112.4086209,59.39393685
29,28,59.39030695,113.1500583,112.5653854,59.3599986
30,29,59.5329643,113.172941,112.7174191,59.32612556
31,30,59.79450276,113.2485626,112.8649352,59.29235895
32,31,59.79380347,113.3060994,113.0081464,59.25874002
33,32,59.60386565,113.4283993,113.1472657,59.22530997
34,33,59.48275064,113.5710178,113.2825059,59.19211006
35,34,59.51204357,113.6643162,113.4087747,59.15869219
36,35,59.52332952,113.7884032,113.5216198,59.12463253
37,36,59.41148027,113.8125097,113.6222147,59.09000863
38,37,59.37468928,113.83446,113.7117328,59.05489804
39,38,59.45314691,113.9479798,113.7913474,59.01937833
40,39,59.28251756,114.006216,113.862232,58.98352706
41,40,58.96857036,113.8802642,113.9255601,58.94742178
42,41,58.85141804,113.8752136,113.982505,58.91114005
43,42,58.95679876,114.0313131,114.0342402,58.87475944
44,43,58.94527972,114.1288461,114.0819391,58.83835749
45,44,58.82142581,114.1455711,114.1267751,58.80201178
46,45,58.77175603,114.1577699,114.1699216,58.76579986
47,46,58.86822069,114.3219502,114.212552,58.72979929
48,47,58.92010488,114.5246892,114.2558398,58.69408762
49,48,58.78038075,114.5327117,114.3009584,58.65874242
50,49,58.62121213,114.4951826,114.3490812,58.62384124
51,50,58.59434731,114.612063,114.4013816,58.58946165
52,51,58.60860529,114.7012238,114.4512999,58.55377964
53,52,58.50229213,114.5899573,114.4922108,58.5152221
54,53,58.57962311,114.5973,114.5251887,58.47424295
55,54,58.68855864,114.5459014,114.5513085,58.43129608
56,55,58.55027192,114.3972612,114.5716446,58.3868354
57,56,58.2685314,114.2598486,114.5872718,58.34131483
58,57,58.10033015,114.2122767,114.5992648,58.29518827
59,58,58.08106054,114.2289434,114.6086981,58.24890962
60,59,58.01099448,114.2054197,114.6166464,58.20293279
61,60,57.83061373,114.1373544,114.6241844,58.1577117
62,61,57.82917629,114.2853342,114.6323867,58.11370024
63,62,57.89920348,114.4864026,114.642328,58.07135232
64,63,57.85586624,114.6076924,114.6550829,58.03112185
65,64,57.54887322,114.3055557,114.6717261,57.99346274
66,65,57.51651114,114.2894912,114.6933321,57.95882889
67,66,57.64805736,114.4506023,114.7209758,57.92767421
68,67,57.73801463,114.5952022,114.7557316,57.90045261
69,68,57.72705894,114.6117134,114.7941137,57.87597468
70,69,57.79193851,114.7101789,114.8320046,57.85274239
71,70,57.89463858,114.8714648,114.8695314,57.83074665
72,71,57.79986388,114.865987,114.9068216,57.80997839
73,72,57.55895479,114.7533801,114.9440025,57.79042855
74,73,57.47626245,114.7291182,114.9812013,57.77208806
75,74,57.59747459,114.82129,115.0185455,57.75494783
76,75,57.62898197,114.9436093,115.0561622,57.7389988
77,76,57.59566807,114.9864609,115.0941788,57.7242319
78,77,57.67896254,115.0452799,115.1327226,57.71063805
79,78,57.80549713,115.096426,115.171921,57.69820819
80,79,57.7450076,115.1311967,115.2119012,57.68693324
81,80,57.58943265,115.0766124,115.2527906,57.67680413
82,81,57.56676367,115.1445611,115.2947164,57.66781179
83,82,57.69205505,115.4377429,115.3378061,57.65994714
84,83,57.73426557,115.5889473,115.3821868,57.65320112
85,84,57.72707834,115.5999807,115.4279859,57.64756466
86,85,57.81893927,115.7124127,115.4763177,57.64411315
87,86,58.04285148,115.9038657,115.5279348,57.6437301
88,87,58.11769609,115.9358781,115.5824219,57.6461186
89,88,58.06198511,115.8110529,115.6393637,57.65098171
90,89,58.12886545,115.8112472,115.6983448,57.65802253
91,90,58.23733474,115.9730382,115.7589501,57.66694414
92,91,58.15048547,116.0121602,115.8207642,57.67744962
93,92,57.8879952,115.8929876,115.8833719,57.68924204
94,93,57.82365954,115.897805,115.9463578,57.7020245
95,94,57.94978621,116.0971447,116.0093066,57.71550008
96,95,57.72362067,116.1554585,116.0718031,57.72937184
97,96,57.29432774,116.0075952,116.1334319,57.74334289
98,97,57.18426557,115.9620824,116.1937778,57.75711629
99,98,57.31227645,116.0219309,116.2524255,57.77039514
100,99,57.36206279,116.017366,116.3089597,57.7828825
101,100,57.35475898,115.9815851,116.3629651,57.79428148
102,101,57.45516691,116.1133839,116.4140264,57.80429513
103,102,57.63475124,116.3644329,116.4642427,57.81449185
104,103,57.70386542,116.4409092,116.515806,57.8264904
105,104,57.65132078,116.3832363,116.568441,57.84006944
106,105,57.6684148,116.4939006,116.621872,57.85500765
107,106,57.81095559,116.7352565,116.6758235,57.87108368
108,107,57.85928503,116.8396271,116.73002,57.88807622
109,108,57.87022128,116.7220086,116.7841859,57.90576391
110,109,57.92309618,116.6541764,116.8380457,57.92392544
111,110,58.00833319,116.8163365,116.8913239,57.94233947
112,111,57.94256005,117.0343435,116.9437449,57.96078466
113,112,57.82245515,117.0458625,116.9950332,57.97903969
114,113,57.88894699,117.045474,117.0449132,57.99688321
115,114,58.06080013,117.1780692,117.0931094,58.01409391
116,115,58.13785921,117.2587025,117.1393463,58.03045044
117,116,58.06322828,117.2881703,117.1833483,58.04573148
118,117,58.14862067,117.4069348,117.2248399,58.05971568
119,118,58.24386154,117.5744174,117.2635455,58.07218172
120,119,58.24436658,117.5735821,117.3000012,58.08470892
121,120,58.1238732,117.4379566,117.33499,58.09884899
122,121,58.10353521,117.4007771,117.3686068,58.11433916
123,122,58.28793692,117.5126652,117.4009465,58.1309167
124,123,58.37896257,117.5334889,117.4321041,58.14831884
125,124,58.34864012,117.4309247,117.4621746,58.16628283
126,125,58.45454531,117.5362472,117.4912527,58.18454593
127,126,58.59017079,117.7553809,117.5194335,58.20284537
128,127,58.56188796,117.7670747,117.5468119,58.22091842
129,128,58.29992214,117.6031858,117.5734829,58.2385023
130,129,58.1403456,117.5654236,117.5995413,58.25533428
131,130,58.09790194,117.6488347,117.6250821,58.27115159
132,131,58.06808453,117.695241,117.6502002,58.28569149
133,132,58.05233085,117.675175,117.6749906,58.29869123
134,133,58.18323607,117.7817989,117.6995482,58.30988804
135,134,58.36377219,117.9876652,117.7239679,58.31901918
136,135,58.49088951,118.0310996,117.7470277,58.32610268
137,136,58.48715992,117.9044291,117.7676139,58.33144963
138,137,58.53228425,117.9199691,117.7859837,58.33523685
139,138,58.63028348,118.0630149,117.802394,58.3376412
140,139,58.54092839,117.998213,117.8171023,58.3388395
141,140,58.2946191,117.8075759,117.8303655,58.33900858
142,141,58.23175976,117.8176769,117.8424409,58.33832529
143,142,58.25792525,117.9339162,117.8535857,58.33696646
144,143,58.20427335,117.7580809,117.8640569,58.33510893
145,144,58.15916845,117.4231547,117.8741118,58.33292953
146,145,58.21649166,117.4356061,117.8840076,58.33060509
147,146,58.27527177,117.6791571,117.8940013,58.32831246
148,147,58.28970457,117.7697942,117.9043502,58.32622846
149,148,58.23772318,117.6711345,117.9153114,58.32452994
150,149,58.32435878,117.7205905,117.9271422,58.32339374
151,150,58.51056706,117.91622,117.9400996,58.32299667
152,151,58.54520186,117.9722417,117.9544408,58.32351559
153,152,58.48111871,117.8610334,117.9694547,58.32390164
154,153,58.47059034,117.84561,117.9842565,58.32309956
155,154,58.42997262,117.9041764,117.9988432,58.32127658
156,155,58.23146833,117.8332557,118.0132114,58.31859991
157,156,58.06967734,117.7225914,118.027358,58.31523677
158,157,58.09289027,117.7873932,118.0412798,58.31135437
159,158,58.24415287,118.0323816,118.0549737,58.30711995
160,159,58.3397434,118.0985044,118.0684364,58.30270071
161,160,58.19469682,117.914666,118.0816648,58.29826387
162,161,58.19322053,117.9409674,118.0946556,58.29397666
163,162,58.36373332,118.1545262,118.1074058,58.29000629
164,163,58.40186465,118.2120242,118.119912,58.28651998
165,164,58.33484835,118.140171,118.1321713,58.28368496
166,165,58.40885766,118.1625487,118.1441802,58.28166843
167,166,58.5123736,118.2751166,118.1559357,58.28063762
168,167,58.51398587,118.2338579,118.1674346,58.28075975
169,168,58.294522,118.1167444,118.1786737,58.28220203
170,169,58.16823996,118.1744368,118.1900709,58.28464448
171,170,58.31691905,118.4012045,118.2019775,58.28761953
172,171,58.29440545,118.4678323,118.2142905,58.29107307
173,172,58.08785923,118.4133839,118.2269068,58.29495099
174,173,58.10184525,118.5039434,118.2397235,58.29919916
175,174,58.29052046,118.60068,118.2526375,58.30376346
176,175,58.29230756,118.440579,118.2655457,58.30858978
177,176,58.07517471,118.1726302,118.2783453,58.313624
178,177,57.98795635,118.1904818,118.2909331,58.31881201
179,178,58.02193071,118.4346349,118.3032061,58.32409968
180,179,58.01872561,118.3676769,118.3150613,58.32943289
181,180,58.01297579,118.1975331,118.3263956,58.33475753
182,181,58.07053212,118.2229799,118.3371062,58.34001948
183,182,58.19320113,118.4158703,118.3470898,58.34516462
184,183,58.28541169,118.5323622,118.3562436,58.35013884
185,184,58.37913737,118.4250195,118.3644645,58.35488801
186,185,58.5234264,118.4295066,118.3716494,58.35935802
187,186,58.62175589,118.6042541,118.3777213,58.36366308
188,187,58.59139457,118.5850428,118.3827295,58.36796788
189,188,58.51099442,118.4253885,118.3867611,58.37229398
190,189,58.57560202,118.473854,118.3899028,58.37666297
191,190,58.68323606,118.4853148,118.3922416,58.38109642
192,191,58.57074579,118.2486016,118.3938644,58.38561592
193,192,58.31855077,117.863753,118.3948579,58.39024303
194,193,58.31219878,117.877603,118.3953092,58.39499934
195,194,58.42297966,118.1378595,118.3953052,58.39990643
196,195,58.46179087,118.2390833,118.3949326,58.40498586
197,196,58.47604884,118.1636947,118.3942783,58.41025923
198,197,58.56536508,118.2424826,118.3934294,58.4157481
199,198,58.68387714,118.4501361,118.3924726,58.42147405
200,199,58.72437831,118.4886171,118.3914948,58.42745866
201,200,58.58463472,118.3590133,118.390583,58.43372351
202,201,58.557226,118.3887141,118.3898239,58.44029018
203,202,58.68576137,118.5305556,118.3893046,58.44718024
204,203,58.66476296,118.4758159,118.388608,58.45387799
205,204,58.49201622,118.30169,118.387301,58.45993527
206,205,58.48104107,118.3761073,118.3854463,58.46547492
207,206,58.57954535,118.6565269,118.3831066,58.47061984
208,207,58.46925009,118.6954935,118.3803445,58.47549288
209,208,58.23725707,118.3655983,118.3772227,58.48021692
210,209,58.17319339,118.2567017,118.3738038,58.48491483
211,210,58.34242412,118.3531664,118.3701506,58.48970947
212,211,58.3499222,118.384091,118.3663256,58.49472372
213,212,58.18642181,118.260645,118.3623916,58.50008044
214,213,58.23220657,118.2801477,118.3584112,58.50590251
215,214,58.47412578,118.5007577,118.354447,58.51231279
216,215,58.53224544,118.6274088,118.3505618,58.51943415
217,216,58.48681032,118.5319736,118.3468182,58.52738947
218,217,58.60858576,118.457129,118.3432789,58.53630161
219,218,58.73669376,118.523213,118.3400064,58.54629344
220,219,58.66874504,118.5732519,118.3370636,58.55748783
221,220,58.48304185,118.4858586,118.3338058,58.56953364
222,221,58.54700844,118.4726885,118.3296301,58.58199918
223,222,58.70361294,118.5483101,118.3246616,58.59488652
224,223,58.66779322,118.4503109,118.3190255,58.60819772
225,224,58.42808849,118.0979604,118.312847,58.62193484
226,225,58.45932391,117.9418609,118.3062513,58.63609994
227,226,58.66204343,118.0011655,118.2993634,58.65069509
228,227,58.63174039,118.0026613,118.2923086,58.66572235
229,228,58.48207062,117.8566045,118.2852121,58.68118379
230,229,58.50901312,117.9148019,118.2781989,58.69708146
231,230,58.68576141,118.1601788,118.2713942,58.71341743
232,231,58.70569145,118.2661811,118.2649233,58.73019377
233,232,58.53315845,118.1848485,118.2589113,58.74741253
234,233,58.47781655,118.2416667,118.2534832,58.76507578
235,234,58.64395873,118.4173466,118.2487644,58.78318558
236,235,58.74017083,118.3887529,118.24488,58.801744
237,236,58.73092452,118.1887335,118.241955,58.82075309
238,237,58.85374891,118.2297397,118.2393758,58.84075916
239,238,59.10339925,118.370882,118.2364964,58.86220337
240,239,59.22490277,118.3085276,118.2333937,58.88493011
241,240,59.05310787,118.084227,118.2301447,58.90878378
242,241,58.95553607,118.1097514,118.2268263,58.93360875
243,242,59.02744747,118.3083528,118.2235155,58.95924942
244,243,59.10856632,118.4189395,118.2202892,58.98555018
245,244,59.1250193,118.3419775,118.2172244,59.01235541
246,245,59.15606051,118.3918027,118.2143979,59.03950951
247,246,59.28088568,118.5787491,118.2118869,59.06685686
248,247,59.24506596,118.5227856,118.209768,59.09424184
249,248,59.06217943,118.2389083,118.2081185,59.12150885
250,249,59.0564102,118.184596,118.2070151,59.14850228
251,250,59.19786314,118.3142774,118.2065348,59.17506651
252,251,59.28548946,118.2765929,118.2067546,59.20104594
253,252,59.26365572,118.087568,118.2077514,59.22628494
254,253,59.20992612,118.0731935,118.2096022,59.25062791
255,254,59.30829439,118.1469309,118.2116915,59.27502097
256,255,59.28395485,118.0653069,118.2134306,59.30041253
257,256,59.17196959,117.8197747,118.2149365,59.32665043
258,257,59.22527186,117.8815657,118.2163264,59.35358251
259,258,59.35858575,118.077098,118.2177172,59.38105662
260,259,59.29079244,118.0976885,118.2192261,59.40892058
261,260,59.20328272,118.0183567,118.2209702,59.43702225
262,261,59.2533216,118.0763598,118.2230664,59.46520945
263,262,59.43609159,118.2911034,118.2256319,59.49333003
264,263,59.53311957,118.3436869,118.2287837,59.52123183
265,264,59.54658111,118.1910451,118.232639,59.54876268
266,265,59.61443271,118.1944056,118.2373147,59.57577043
267,266,59.7992229,118.4147241,118.2429279,59.60210292
268,267,59.84531848,118.5264568,118.2495957,59.62760798
269,268,59.73632467,118.3958819,118.2574353,59.65213345
270,269,59.72296028,118.3671717,118.2665635,59.67552717
271,270,59.74230761,118.4857809,118.2761855,59.69868423
272,271,59.73667435,118.4727662,118.285523,59.72250808
273,272,59.67463085,118.2328478,118.2947184,59.74685914
274,273,59.73484843,118.1725137,118.3039138,59.77159783
275,274,59.85479792,118.3545067,118.3132514,59.79658455
276,275,59.74844593,118.4069931,118.3228736,59.82167973
277,276,59.61439385,118.3411811,118.3329226,59.84674377
278,277,59.66010094,118.4507576,118.3435407,59.87163709
279,278,59.84108385,118.6147631,118.35487,59.89622011
280,279,59.94032626,118.5521174,118.3670528,59.92035324
281,280,59.88766505,118.350641,118.3802314,59.94389689
282,281,59.9214063,118.3694056,118.3945481,59.96671148
283,282,60.0859168,118.5438229,118.410145,59.98865742
284,283,60.1002913,118.5091687,118.4271644,60.00959513
285,284,60.03416852,118.3305556,118.4457486,60.02938503
286,285,60.09388102,118.3283995,118.4660398,60.04788752
287,286,60.17995329,118.5110141,118.4881803,60.06496302
288,287,60.09549332,118.509868,118.511437,60.08144635
289,288,59.86317009,118.227331,118.5350396,60.0981822
290,289,59.833139,118.1056138,118.559074,60.1150458
291,290,59.90510868,118.2213481,118.5836261,60.13191237
292,291,60.04327886,118.3739899,118.6087818,60.14865714
293,292,60.20734258,118.4480769,118.6346271,60.16515533
294,293,60.4266899,118.6291764,118.661248,60.18128217
295,294,60.60607994,118.852059,118.6887303,60.19691288
296,295,60.58218717,118.9120824,118.71716,60.21192269
297,296,60.41507373,118.828613,118.7466231,60.22618682
298,297,60.42824389,118.8495338,118.7772055,60.2395805
299,298,60.59368679,118.9924437,118.8089931,60.25197896
300,299,60.52461141,118.9609945,118.8420719,60.26325742
301,300,60.31423844,118.8088578,118.8765277,60.2732911
302,301,60.24527963,118.8541763,118.9124467,60.28195523
303,302,60.3158313,118.9909868,118.9499146,60.28912504
304,303,60.29700846,118.945338,118.9890174,60.29467575
305,304,60.08376059,118.8075369,119.0305783,60.29893299
306,305,60.04104497,118.9027,119.0751645,60.30230777
307,306,60.1986596,119.104662,119.1224776,60.30480343
308,307,60.23659666,119.1497474,119.1722197,60.30642326
309,308,60.06958034,119.0700271,119.2240925,60.30717059
310,309,60.0581196,119.1376262,119.2777979,60.30704873
311,310,60.11225711,119.3390442,119.3330376,60.306061
312,311,60.09646457,119.4569541,119.3895137,60.30421071
313,312,60.06880334,119.4765345,119.4469279,60.30150118
314,313,60.23502326,119.631857,119.5049821,60.29793572
315,314,60.41320894,119.8274087,119.563378,60.29351765
316,315,60.48430451,119.8493589,119.6218176,60.28825028
317,316,60.42892377,119.7552447,119.6800027,60.28213692
318,317,60.39085077,119.7557886,119.7376352,60.27518091
319,318,60.43873345,119.8429876,119.7944169,60.26738554
320,319,60.40788651,119.8042152,119.8500496,60.25875413
321,320,60.26866737,119.6137528,119.9042351,60.24929001
322,321,60.22288259,119.6482711,119.9591549,60.23762429
323,322,60.2729603,119.8299339,120.0169287,60.22265436
324,323,60.29191912,119.8608002,120.0771666,60.2047829
325,324,60.18479015,119.8039432,120.1394784,60.1844126
326,325,60.23743194,119.9923853,120.203474,60.16194612
327,326,60.34419188,120.2338577,120.2687635,60.13778617
328,327,60.32177538,120.2397629,120.3349567,60.11233541
329,328,60.1172882,120.1903457,120.4016634,60.08599653
330,329,60.06689969,120.3560799,120.4684938,60.05917222
331,330,60.18896653,120.6586052,120.5350575,60.03226516
332,331,60.15415691,120.7735041,120.6009647,60.00567803
333,332,60.07315453,120.7132672,120.6658251,59.97981351
334,333,60.04502713,120.7752913,120.7292488,59.95507428
335,334,60.14240474,121.0097901,120.7908456,59.93186303
336,335,60.02797194,121.1008934,120.8502254,59.91058244
337,336,59.73047776,120.9286324,120.9069982,59.89163519
338,337,59.66179088,120.9472998,120.9607739,59.87542396
339,338,59.78003099,121.1047395,121.0127299,59.85988209
340,339,59.83440165,121.2082166,121.0643008,59.8428369
341,340,59.83589739,121.1996501,121.115482,59.8245321
342,341,59.96000383,121.3041179,121.1662691,59.8052114
343,342,60.1200854,121.4780301,121.2166575,59.78511851
344,343,60.05349648,121.5183758,121.2666427,59.76449713
345,344,59.74048171,121.4460371,121.3162204,59.74359097
346,345,59.6201437,121.4896074,121.3653858,59.72264374
347,346,59.70553607,121.6260681,121.4141347,59.70189914
348,347,59.66235423,121.6206097,121.4624624,59.68160088
349,348,59.44156946,121.4887721,121.5103644,59.66199266
350,349,59.42808849,121.5826921,121.5578364,59.6433182
351,350,59.64613434,121.86756,121.6048736,59.6258212
352,351,59.6391025,121.9321676,121.6514718,59.60974537
353,352,59.35545834,121.7117519,121.6976263,59.59533441
354,353,59.22505819,121.6572259,121.7433327,59.58283203
355,354,59.28807294,121.8077116,121.7885865,59.57248193
356,355,59.30532237,121.8713285,121.8325444,59.56405906
357,356,59.10639074,121.8305165,121.8745178,59.55709209
358,357,59.08556714,121.9755632,121.9147338,59.55145538
359,358,59.26225714,122.2507962,121.95342,59.54702328
360,359,59.28108002,122.271814,121.9908037,59.54367014
361,360,59.20551666,122.0280107,122.0271122,59.54127032
362,361,59.26367513,121.9187061,122.0625728,59.53969816
363,362,59.38624707,122.0229213,122.0974129,59.53882801
364,363,59.41536514,122.0495724,122.1318598,59.53853422
365,364,59.42758343,121.9203378,122.166141,59.53869115
366,365,59.55844977,121.9320511,122.2004836,59.53917315
367,366,59.70343816,122.1582554,122.2351151,59.53985457
368,367,59.78618872,122.2031661,122.2702629,59.54060975
369,368,59.69838762,122.0425794,122.3061542,59.54131305
370,369,59.72051272,121.9711537,122.3430164,59.54183883
371,370,59.8761654,122.0993977,122.3810768,59.54206142
372,371,59.93040007,122.1939392,122.4205629,59.54185518
373,372,59.84250188,122.2161615,122.4607721,59.54262158
374,373,59.89087017,122.3845764,122.5008674,59.54565318
375,374,60.02523303,122.6322647,122.5408744,59.550661
376,375,59.95384609,122.7510293,122.5808189,59.55735603
377,376,59.7094599,122.661752,122.6207263,59.56544929
378,377,59.58109936,122.6638693,122.6606224,59.57465179
379,378,59.5987567,122.8481738,122.7005327,59.58467454
380,379,59.51829828,122.8742227,122.7404829,59.59522854
381,380,59.38776217,122.729079,122.7804985,59.60602481
382,381,59.41491834,122.7263595,122.8206052,59.61677435
383,382,59.57235812,122.9179679,122.8608287,59.62718818
384,383,59.62171711,122.9431427,122.9011945,59.6369773
385,384,59.40742027,122.8215422,122.9417282,59.64585273
386,385,59.36812349,122.8117907,122.9824555,59.65352546
387,386,59.45056327,122.956274,123.023402,59.65970651
388,387,59.45345757,123.0639664,123.0645933,59.6641069
389,388,59.46567591,123.1602756,123.1060551,59.66643762
390,389,59.68341096,123.3161419,123.1485516,59.66741231
391,390,59.93006985,123.5062546,123.1926655,59.66794782
392,391,59.93581967,123.4899182,123.2381494,59.66806003
393,392,59.8116744,123.3161419,123.2847561,59.66776479
394,393,59.75967361,123.3531272,123.3322383,59.66707797
395,394,59.82770003,123.496037,123.3803486,59.66601543
396,395,59.81330607,123.47871,123.4288399,59.66459303
397,396,59.72546613,123.3632282,123.4774648,59.66282664
398,397,59.72892377,123.4283215,123.5259761,59.66073212
399,398,59.81649178,123.6190752,123.5741265,59.65832532
400,399,59.730167,123.577117,123.6216687,59.65562212
401,400,59.46173263,123.3814683,123.6683555,59.65263838
402,401,59.35934335,123.4569345,123.7139395,59.64938995
403,402,59.35846922,123.673504,123.7581735,59.64589271
404,403,59.36313122,123.7375483,123.8008102,59.64216251
405,404,59.39611492,123.6767869,123.8416023,59.63821522
406,405,59.61625867,123.8172297,123.8818787,59.63373503
407,406,59.85369068,124.0750774,123.9229977,59.62845617
408,407,59.80493388,124.0636555,123.9647569,59.62246951
409,408,59.56344203,123.9294287,124.0069537,59.61586595
410,409,59.55720661,124.0033797,124.0493857,59.60873638
411,410,59.79623145,124.2406369,124.0918502,59.60117169
412,411,59.90392377,124.2939002,124.1341448,59.59326275
413,412,59.73826719,124.1593237,124.1760668,59.58510047
414,413,59.67422289,124.153807,124.2174138,59.57677572
415,414,59.78379943,124.2632281,124.2579832,59.5683794
416,415,59.71410248,124.3330416,124.2975725,59.56000239
417,416,59.46270387,124.2297395,124.3359792,59.55173558
418,417,59.45155391,124.2627619,124.3730007,59.54366987
419,418,59.59716387,124.371309,124.4084344,59.53589613
420,419,59.58292534,124.3456874,124.4420779,59.52850526
421,420,59.46064484,124.2712895,124.4737286,59.52158814
422,421,59.48187639,124.4263983,124.503184,59.51523567
423,422,59.61637522,124.6675405,124.5307942,59.50869763
424,423,59.60745913,124.6725716,124.5570989,59.50125374
425,424,59.49030687,124.5047005,124.5821797,59.4930398
426,425,59.46800693,124.5737759,124.6061182,59.48419158
427,426,59.53912192,124.8612661,124.6289959,59.47484486
428,427,59.49374506,124.9368295,124.6508946,59.46513542
429,428,59.36522914,124.8143354,124.6718957,59.45519906
430,429,59.40819727,124.8281854,124.6920808,59.44517154
431,430,59.53568366,124.9491645,124.7115317,59.43518866
432,431,59.45153448,124.9063711,124.7303297,59.42538619
433,432,59.13420741,124.6658893,124.7485567,59.41589991
434,433,59.08482899,124.661033,124.7662941,59.40686562
435,434,59.18191526,124.8668605,124.7836236,59.39841908
436,435,59.1875485,124.9874511,124.8006267,59.39069609
437,436,59.13335271,125.0188031,124.817385,59.38383242
438,437,59.30811961,125.1328086,124.8339802,59.37796385
439,438,59.56097506,125.2914138,124.8504939,59.37322618
440,439,59.47709784,125.1897821,124.8661452,59.36943805
441,440,59.28383832,124.8891994,124.8801942,59.36628567
442,441,59.29172485,124.8395685,124.8927835,59.36370611
443,442,59.3939199,125.0056718,124.9040557,59.36163643
444,443,59.43655782,124.9851784,124.9141533,59.36001372
445,444,59.3750971,124.8047394,124.923219,59.35877505
446,445,59.4539821,124.8289235,124.9313955,59.35785749
447,446,59.57560212,124.9765148,124.9388252,59.35719811
448,447,59.56822059,124.9398792,124.9456508,59.35673399
449,448,59.32973965,124.6493392,124.952015,59.35640221
450,449,59.20547779,124.5951046,124.9580602,59.35613982
451,450,59.22507762,124.7476104,124.9639292,59.35588392
452,451,59.20137907,124.7408505,124.9697645,59.35557156
453,452,59.17266893,124.56756,124.9757088,59.35513983
454,453,59.28815065,124.6204932,124.9819046,59.3545258
455,454,59.43445994,124.7922297,124.9884946,59.35366654
456,455,59.28780101,124.7322452,124.9956213,59.35249913
457,456,58.98026413,124.6163167,125.0029971,59.3514848
458,457,59.00264174,124.769891,125.010219,59.3510786
459,458,59.25108775,124.9880534,125.0172563,59.35120831
460,459,59.40854694,125.0154232,125.0240785,59.35180171
461,460,59.40071865,124.9117907,125.0306549,59.35278658
462,461,59.43960753,125.094755,125.0369551,59.35409071
463,462,59.56847311,125.4211536,125.0429484,59.35564188
464,463,59.68125477,125.4327308,125.0486043,59.35736787
465,464,59.60200069,125.0839741,125.0538921,59.35919646
466,465,59.55505043,125.0195802,125.0587813,59.36105543
467,466,59.57297972,125.1706679,125.0632414,59.36287256
468,467,59.53234258,125.1744946,125.0672417,59.36457565
469,468,59.42076526,125.0407728,125.0707516,59.36609246
470,469,59.46237365,125.0945802,125.0737407,59.36735079
471,470,59.50683752,125.2825172,125.0761782,59.3682784
472,471,59.33240085,125.2269616,125.0780337,59.36880309
473,472,59.08832546,124.9922685,125.0792765,59.36885264
474,473,59.18205121,124.9713478,125.0800463,59.36829961
475,474,59.52907919,125.1391994,125.0804976,59.36712459
476,475,59.63150732,125.1892188,125.0806226,59.3654174
477,476,59.48888883,125.0886943,125.0804133,59.36326786
478,477,59.41080024,125.1843431,125.0798618,59.36076578
479,478,59.45844981,125.4223773,125.0789601,59.35800099
480,479,59.43970466,125.3919771,125.0777003,59.35506331
481,480,59.27130916,125.0237759,125.0760745,59.35204255
482,481,59.17111492,124.8353726,125.0740746,59.34902854
483,482,59.16493778,124.8587797,125.0716928,59.34611108
484,483,59.07938998,124.9409865,125.0689212,59.34338001
485,484,59.00036901,124.9438613,125.0657517,59.34092514
486,485,59.15683752,125.0543897,125.0621764,59.33883629
487,486,59.43115766,125.3035932,125.0581874,59.33720327
488,487,59.52169769,125.3765342,125.0537768,59.33611591
489,488,59.36431616,125.185159,125.0489366,59.33566403
490,489,59.35301081,125.18242,125.0436589,59.33593744
491,490,59.47812734,125.2638691,125.0372549,59.33669383
492,491,59.40949876,125.2040595,125.0291739,59.33762877
493,492,59.15652672,124.9970471,125.0196145,59.33873892
494,493,59.22130917,124.9248249,125.0087754,59.34002094
495,494,59.46338377,124.9983485,124.9968553,59.34147149
496,495,59.49087019,124.9712312,124.9840529,59.34308722
497,496,59.20574976,124.7606834,124.9705669,59.34486479
498,497,59.03644129,124.7152095,124.9565958,59.34680087
499,498,59.14999994,124.8345179,124.9423386,59.3488921
500,499,59.32111494,124.8663945,124.9279937,59.35113515
501,500,59.3627233,124.7174046,124.91376,59.35352668
502,501,59.48368294,124.7298559,124.899836,59.35606335
503,502,59.72614603,124.9257767,124.8864206,59.3587418
504,503,59.74625091,124.9576144,124.8737123,59.36155871
505,504,59.48022527,124.8034185,124.8619099,59.36451073
506,505,59.32012424,124.8156175,124.851212,59.36759451
507,506,59.36625869,124.9639663,124.8418174,59.37080673
508,507,59.35031074,125.0169577,124.8336805,59.37465782
509,508,59.23354697,124.880128,124.8265202,59.37956404
510,509,59.23127419,124.8115382,124.8201814,59.38538069
511,510,59.35573035,124.8260292,124.8145089,59.39196311
512,511,59.40429284,124.7694053,124.8093477,59.39916662
513,512,59.22907917,124.5155398,124.8045426,59.40684653
514,513,59.10345758,124.4512624,124.7999387,59.41485818
515,514,59.16146068,124.6081971,124.7953807,59.42305687
516,515,59.23348865,124.6327503,124.7907137,59.43129794
517,516,59.21874505,124.5412584,124.7857826,59.43943671
518,517,59.30017475,124.6372763,124.7804322,59.44732849
519,518,59.43896652,124.8917441,124.7745074,59.45482862
520,519,59.41148014,124.8666081,124.7678533,59.46179241
521,520,59.34409473,124.6261847,124.7603146,59.46807519
522,521,59.49782437,124.6034768,124.7517364,59.47353227
523,522,59.81511264,124.832692,124.7419635,59.47801898
524,523,59.8472416,124.8866353,124.7308408,59.48139065
525,524,59.61816234,124.7626259,124.7191858,59.4841378
526,525,59.55854695,124.7787487,124.707853,59.48683651
527,526,59.64741641,124.7953765,124.6967426,59.48947044
528,527,59.62975909,124.6304387,124.6857552,59.49202325
529,528,59.46268448,124.3190557,124.674791,59.49447857
530,529,59.47626253,124.390501,124.6637505,59.49682006
531,530,59.59728044,124.6773697,124.652534,59.49903138
532,531,59.66946378,124.7346151,124.641042,59.50109617
533,532,59.61612269,124.5641218,124.6291747,59.50299808
534,533,59.63574198,124.5736595,124.6168327,59.50472077
535,534,59.76245141,124.8533603,124.6039163,59.50624788
536,535,59.70466194,124.9478824,124.5903258,59.50756307
537,536,59.46963865,124.7635001,124.5759617,59.50864999
538,537,59.45093233,124.7166081,124.5607243,59.50949229
539,538,59.72202791,124.9129756,124.5445141,59.51007361
540,539,59.75763397,124.9673463,124.5272314,59.51037762
541,540,59.50233094,124.8081971,124.5086238,59.51013105
542,541,59.38733483,124.8479406,124.4886019,59.50912637
543,542,59.50388495,124.9528551,124.4673107,59.50744574
544,543,59.51829831,124.7067207,124.4448948,59.50517135
545,544,59.29514369,124.1655787,124.4214992,59.50238538
546,545,59.22334878,124.0185507,124.3972687,59.49917
547,546,59.30664327,124.2253882,124.3723482,59.49560741
548,547,59.31820116,124.3389662,124.3468824,59.49177978
549,548,59.20559431,124.1773696,124.3210162,59.48776929
550,549,59.28267279,124.0970471,124.2948946,59.48365812
551,550,59.46287873,124.2518257,124.2686622,59.47952845
552,551,59.51756012,124.3073036,124.2424639,59.47546247
553,552,59.41845371,124.1133836,124.2164447,59.47154236
554,553,59.47810794,124.0447744,124.1907492,59.46785029
555,554,59.66282045,124.1874706,124.1655225,59.46446845
556,555,59.64362853,124.2766508,124.1409092,59.46147901
557,556,59.44450264,124.1574977,124.1170543,59.45896417
558,557,59.47997272,124.0862857,124.0931405,59.45642301
559,558,59.72779713,124.1021365,124.068325,59.45335272
560,559,59.65786705,124.0154814,124.0427136,59.44983264
561,560,59.26668602,123.748504,124.0164125,59.44594208
562,561,59.10864406,123.7497472,123.9895275,59.44176036
563,562,59.28762618,123.9027192,123.9621647,59.43736682
564,563,59.38475127,123.8406563,123.9344302,59.43284077
565,564,59.34864018,123.612121,123.9064299,59.42826154
566,565,59.38587795,123.6223774,123.8782699,59.42370846
567,566,59.54184142,123.7698909,123.8500561,59.41926084
568,567,59.60693467,123.7302639,123.8218945,59.41499802
569,568,59.46651122,123.5774279,123.7938912,59.41099931
570,569,59.35681812,123.6403261,123.7661523,59.40734404
571,570,59.43150733,123.8533991,123.7387836,59.40411154
572,571,59.44858191,123.872727,123.7118912,59.40138112
573,572,59.36429677,123.701107,123.6855811,59.39923212
574,573,59.42047389,123.8168024,123.6599593,59.39774385
575,574,59.51835657,123.8913361,123.6348596,59.39639336
576,575,59.40967359,123.6315265,123.6100297,59.39466344
577,576,59.21571478,123.3135972,123.5854469,59.39264202
578,577,59.25306909,123.3590712,123.5610887,59.39041705
579,578,59.42929286,123.5240867,123.5369322,59.38807646
580,579,59.49226878,123.4924434,123.5129548,59.38570821
581,580,59.43026409,123.4303804,123.4891338,59.38340021
582,581,59.45553605,123.5665693,123.4654465,59.38124043
583,582,59.55825555,123.7992227,123.4418702,59.37931679
584,583,59.51392764,123.6638496,123.4183821,59.37771724
585,584,59.37799136,123.4021947,123.3949597,59.37652972
586,585,59.3981934,123.3984651,123.3715802,59.37584217
587,586,59.56402478,123.6345956,123.3482209,59.37574252
588,587,59.54030684,123.6704347,123.3248591,59.37631873
589,588,59.34459975,123.424786,123.3014721,59.37765872
590,589,59.2978243,123.3310409,123.2780373,59.37985045
591,590,59.39877614,123.4126454,123.2545319,59.38298184
592,591,59.38315842,123.2974161,123.2305857,59.38731742
593,592,59.20271941,122.881138,123.2059201,59.39296278
594,593,59.23626643,122.8221053,123.1806492,59.3997675
595,594,59.38815069,123.0839741,123.1548873,59.40758114
596,595,59.38813127,123.1825172,123.1287488,59.41625328
597,596,59.24106445,122.9716198,123.1023479,59.42563347
598,597,59.27639856,122.9517286,123.0757989,59.4355713
599,598,59.49312348,123.174922,123.0492161,59.44591632
600,599,59.50203956,123.2167829,123.0227138,59.45651811
601,600,59.3053807,122.9832359,122.9964063,59.46722624
602,601,59.32437833,122.8780495,122.9704079,59.47789028
603,602,59.49489115,123.0217363,122.9448329,59.48835979
604,603,59.50949875,123.1374122,122.9197955,59.49848434
605,604,59.38681034,123.0768062,122.8954101,59.50811351
606,605,59.33591679,123.0121403,122.8717909,59.51709686
607,606,59.35258342,122.9957067,122.8490522,59.52528395
608,607,59.29137521,122.8756213,122.8273084,59.53252437
609,608,59.04409472,122.4812352,122.8058512,59.54047285
610,609,59.0197163,122.2849259,122.7839703,59.55065128
611,610,59.1770589,122.3593042,122.7617764,59.56270997
612,611,59.38245908,122.3617519,122.7393805,59.57629923
613,612,59.56462691,122.2913944,122.7168932,59.59106939
614,613,59.81959972,122.455089,122.6944255,59.60667075
615,614,60.09615372,122.7220083,122.6720883,59.62275362
616,615,60.17550494,122.8030883,122.6499923,59.63896832
617,616,59.96987167,122.7060021,122.6282483,59.65496515
618,617,59.88780098,122.7537877,122.6069673,59.67039443
619,618,60.04731922,122.9205126,122.58626,59.68490647
620,619,60.1022726,122.9978435,122.5662373,59.69815159
621,620,59.93411024,122.9135973,122.5470101,59.70978009
622,621,59.78378003,122.9453378,122.5286891,59.71944229
623,622,59.68026405,122.9755436,122.5113852,59.72678849
624,623,59.53273103,122.7148404,122.4952092,59.73146902
625,624,59.2951631,122.2540402,122.480272,59.73313418
626,625,59.29597894,122.1029718,122.4661677,59.73340986
627,626,59.48354694,122.1636944,122.4524335,59.73403605
628,627,59.65021358,122.0922491,122.4390943,59.7348342
629,628,59.61215994,121.9566236,122.4261754,59.73562577
630,629,59.68381884,122.2160447,122.4137018,59.73623222
631,630,59.84028736,122.4766702,122.4016986,59.73647501
632,631,59.96050882,122.3978435,122.3901909,59.7361756
633,632,59.93793699,122.1853921,122.3792039,59.73515545
634,633,60.01175206,122.2418412,122.3687626,59.73323601
635,634,60.14259896,122.5192887,122.3588922,59.73023874
636,635,60.10879946,122.5828863,122.3496177,59.72598511
637,636,59.98624704,122.5033991,122.3409644,59.72029656
638,637,59.9990287,122.5327114,122.3329572,59.71299457
639,638,60.03566427,122.5868489,122.3256213,59.70390059
640,639,59.93935501,122.4850618,122.3189818,59.69283607
641,640,59.74022912,122.1651123,122.3130638,59.67962248
642,641,59.58978233,122.0944053,122.3078925,59.66408128
643,642,59.61418014,122.220765,122.3031865,59.64551654
644,643,59.49168597,122.2652872,122.2986895,59.62357869
645,644,59.28512032,122.2001551,122.2944639,59.59860872
646,645,59.30677923,122.1726104,122.2905723,59.57094762
647,646,59.50953757,122.321134,122.287077,59.54093635
648,647,59.52323219,122.3380533,122.2840406,59.50891591
649,648,59.34079246,122.1722024,122.2815254,59.47522728
650,649,59.29088959,122.2582359,122.279594,59.44021145
651,650,59.38411027,122.5315459,122.2783087,59.40420938
652,651,59.34238532,122.5349259,122.2777321,59.36756207
653,652,59.19953373,122.3227464,122.2779266,59.33061051
654,653,59.18232317,122.2810603,122.2789546,59.29369566
655,654,59.26890045,122.4005435,122.2808786,59.25715852
656,655,59.19426951,122.3181232,122.2837611,59.22134007
657,656,59.02033792,122.1203959,122.2876645,59.18658129
658,657,59.07880722,122.0743781,122.2926513,59.15322316
659,658,59.25945993,122.2630922,122.2987839,59.12160667
660,659,59.31761843,122.3038654,122.3065486,59.08929659
661,660,59.20079636,122.1822064,122.3162525,59.05392349
662,661,59.16101391,122.2352367,122.3276893,59.01592703
663,662,59.25064092,122.4461924,122.3406524,58.97574687
664,663,59.22152283,122.3796228,122.3549357,58.93382268
665,664,59.06489889,122.1756795,122.3703327,58.89059412
666,665,59.04630918,122.2255825,122.386637,58.84650085
667,666,59.1424436,122.5482708,122.4036424,58.80198253
668,667,59.00841098,122.6897044,122.4211423,58.75747883
669,668,58.79296807,122.5553999,122.4389305,58.71342941
670,669,58.81715221,122.4783409,122.4568005,58.67027393
671,670,58.9485236,122.5629756,122.4745461,58.62845205
672,671,58.7305166,122.5158117,122.4919608,58.58840344
673,672,58.30017474,122.2281661,122.5088382,58.55056775
674,673,58.12890434,122.1920743,122.5249721,58.51538466
675,674,58.09512424,122.3163945,122.540156,58.48329383
676,675,57.97092063,122.3074979,122.5553835,58.45287855
677,676,57.80207837,122.1833526,122.5717093,58.42247065
678,677,57.86130525,122.3680456,122.5890191,58.39213258
679,678,58.17624309,122.6166858,122.6071987,58.36192679
680,679,58.25553604,122.7388304,122.6261336,58.33191572
681,680,58.1098484,122.6370239,122.6457097,58.30216181
682,681,58.10979014,122.6129369,122.6658124,58.27272752
683,682,58.28191521,122.7993782,122.6863276,58.24367528
684,683,58.3606254,122.9258545,122.7071408,58.21506756
685,684,58.29318174,122.8820705,122.7281378,58.18696678
686,685,58.27010481,122.8870627,122.7492043,58.1594354
687,686,58.27904031,123.052156,122.7702258,58.13253587
688,687,58.19166659,123.0151319,122.7910882,58.10633063
689,688,57.92937056,122.800058,122.8116769,58.08088213
690,689,57.77680645,122.7048172,122.8318778,58.05625281
691,690,57.86726874,122.8106059,122.8515765,58.03250512
692,691,57.93863627,122.9081195,122.8706587,58.0097015
693,692,57.89992218,122.9288265,122.890259,57.988267
694,693,57.93918016,123.0156758,122.9114291,57.96847734
695,694,58.07566035,123.2300697,122.9339303,57.95017104
696,695,58.06303411,123.2379562,122.9575238,57.93318658
697,696,57.87814677,123.0065655,122.9819708,57.91736247
698,697,57.81482119,123.0211924,123.0070327,57.9025372
699,698,57.92729207,123.2864411,123.0324705,57.88854929
700,699,57.94696959,123.3514955,123.0580457,57.87523722
701,700,57.88282819,123.2001551,123.0835195,57.8624395
702,701,57.90677923,123.1554,123.108653,57.84999463
703,702,57.9557691,123.2019423,123.1332076,57.83774111
704,703,57.87428115,123.149786,123.1569444,57.82551743
705,704,57.7104117,122.9621015,123.1796248,57.81316211
706,705,57.72113431,122.9477465,123.20101,57.80051363
707,706,57.79885379,122.9919578,123.2208612,57.78741051
708,707,57.77476679,122.9713867,123.2389397,57.77369123
709,708,57.66693848,122.9042538,123.2550067,57.7591943
710,709,57.71169374,122.9749414,123.2697453,57.74402275
711,710,57.87635962,123.1725716,123.2839953,57.72845286
712,711,57.91045054,123.1297006,123.2977533,57.71258299
713,712,57.82222209,122.9320315,123.3110158,57.6965115
714,713,57.80823607,123.0276609,123.3237794,57.68033676
715,714,57.92200841,123.3568373,123.3360404,57.66415714
716,715,57.94502709,123.4211535,123.3477956,57.64807098
717,716,57.83929668,123.2821676,123.3590415,57.63217667
718,717,57.76332546,123.275563,123.3697745,57.61657257
719,718,57.77206671,123.432828,123.3799911,57.60135703
720,719,57.59325939,123.4295452,123.3896881,57.58662842
721,720,57.3353534,123.2692111,123.3988617,57.57248511
722,721,57.37309626,123.2987566,123.4075087,57.55902546
723,722,57.54254068,123.4733681,123.4156255,57.54634784
724,723,57.57702011,123.5580417,123.4232086,57.5345506
725,724,57.48343036,123.5390635,123.4302547,57.52373211
726,725,57.5687839,123.6726494,123.4367602,57.51399074
727,726,57.8169385,123.9508739,123.4425273,57.50481703
728,727,57.79341481,124.032459,123.4474114,57.49567817
729,728,57.50219494,123.8919967,123.4514888,57.48663748
730,729,57.35876058,123.8465615,123.4548357,57.4777583
731,730,57.41353913,123.8910642,123.4575284,57.46910394
732,731,57.34491053,123.8892772,123.4596431,57.46073774
733,732,57.15639074,123.6915499,123.461256,57.45272303
734,733,57.19448319,123.6388886,123.4624435,57.44512313
735,734,57.3817598,123.7304194,123.4632817,57.43800137
736,735,57.39691131,123.6039625,123.4638469,57.43142107
737,736,57.21456867,123.2835856,123.4642154,57.42544558
738,737,57.21695793,123.1602367,123.4644633,57.4201382
739,738,57.37041555,123.2377426,123.464667,57.41556227
740,739,57.38768439,123.2343237,123.4649027,57.41178113
741,740,57.18945208,123.1236011,123.4652466,57.40885809
742,741,57.20075747,123.2132864,123.465775,57.40685648
743,742,57.36509311,123.4102367,123.4665642,57.40583963
744,743,57.40611875,123.4371209,123.4670354,57.40693552
745,744,57.26656942,123.2525833,123.4666085,57.4109788
746,745,57.27837986,123.2236206,123.465357,57.41759279
747,746,57.50075746,123.3962507,123.4633549,57.42640081
748,747,57.49636742,123.4355669,123.4606759,57.4370262
749,748,57.43698513,123.2778358,123.4573936,57.44909227
750,749,57.41252904,123.2264372,123.453582,57.46222237
751,750,57.51726871,123.3898211,123.4493146,57.4760398
752,751,57.55755621,123.4362662,123.4446654,57.49016791
753,752,57.37548551,123.3005242,123.439708,57.50423001
754,753,57.31637518,123.2111497,123.4345162,57.51784943
755,754,57.39399757,123.23918,123.4291637,57.5306495
756,755,57.3965034,123.2230572,123.4237244,57.54225354
757,756,57.35790588,123.1285545,123.4182719,57.55228489
758,757,57.46631692,123.2149764,123.4128801,57.56036686
759,758,57.66928893,123.3796423,123.4076226,57.56612278
760,759,57.70495325,123.367521,123.4025733,57.56917599
761,760,57.54069533,123.2787099,123.3977415,57.57121515
762,761,57.54267667,123.3305165,123.393068,57.5740689
763,762,57.73719881,123.5472025,123.3885235,57.57757048
764,763,57.82243579,123.5975522,123.3840788,57.58155313
765,764,57.72249407,123.5386555,123.3797047,57.5858501
766,765,57.70506982,123.6622763,123.3753719,57.59029462
767,766,57.74322054,123.8434534,123.3710512,57.59471994
768,767,57.68968518,123.7172102,123.3667134,57.59895931
769,768,57.36495715,123.3640052,123.3623292,57.60284597
770,769,57.37311565,123.2644714,123.3578694,57.60621316
771,770,57.61629748,123.3544093,123.3533048,57.60889412
772,771,57.76078076,123.3773308,123.3486061,57.6107221
773,772,57.81942489,123.3084108,123.3437441,57.61153034
774,773,57.84024852,123.4728631,123.3386896,57.61115208
775,774,57.91773494,123.7407924,123.3334133,57.60942057
776,775,57.90518636,123.7568374,123.327886,57.60616905
777,776,57.82651504,123.5298949,123.3220785,57.60123076
778,777,57.91623921,123.5024862,123.3161145,57.5937832
779,778,58.05675981,123.6436284,123.3101139,57.5833615
780,779,57.97874891,123.5600814,123.3040414,57.57033531
781,780,57.75648785,123.2550309,123.297862,57.55507432
782,781,57.72907915,123.2243782,123.2915403,57.5379482
783,782,57.82836041,123.4412586,123.2850412,57.51932661
784,783,57.68772327,123.3303222,123.2783295,57.49957923
785,784,57.27981729,122.8764567,123.27137,57.47907573
786,785,57.15844979,122.7914917,123.2641275,57.45818578
787,786,57.26418015,122.9391024,123.2565669,57.43727906
788,787,57.20757563,122.9159477,123.2486529,57.41672523
789,788,57.01258729,122.751243,123.2403504,57.39689397
790,789,56.98463468,122.8004466,123.2316241,57.37815494
791,790,57.17060981,122.9980379,123.2224389,57.36087783
792,791,57.31930835,122.9964062,123.2127596,57.3454323
793,792,57.3656953,122.8745725,123.202551,57.33218802
794,793,57.44357023,122.9618491,123.1917779,57.32151467
795,794,57.54920347,123.2439198,123.1806629,57.31133652
796,795,57.4375873,123.4260877,123.1694315,57.2995264
797,796,57.25512808,123.362898,123.1580532,57.28637673
798,797,57.22863236,123.309285,123.1464974,57.27217999
799,798,57.28966579,123.4088576,123.1347336,57.25722861
800,799,57.18300301,123.3603727,123.1227312,57.24181505
801,800,56.90695403,122.9505049,123.1104596,57.22623175
802,801,56.88403251,122.7502329,123.0978881,57.21077118
803,802,57.01181032,122.8383254,123.0849864,57.19572578
804,803,57.04498822,122.8582555,123.0717237,57.18138801
805,804,56.98972405,122.8297396,123.0580696,57.1680503
806,805,57.08826717,122.9404233,123.0439934,57.15600513
807,806,57.25567198,123.1684925,123.0294646,57.14554492
808,807,57.21050879,123.2752718,123.0144525,57.13696215
809,808,56.98059428,123.1880534,122.9989267,57.13054925
810,809,56.9329447,123.1776222,122.9828565,57.12659868
811,810,57.07740857,123.3546424,122.9664093,57.12497667
812,811,57.076651,123.3514567,122.9497654,57.12524055
813,812,56.93725705,123.1929291,122.9329143,57.12721946
814,813,56.99172483,123.2681816,122.915845,57.13074252
815,814,57.17876834,123.4141995,122.898547,57.13563887
816,815,57.11767666,123.2052057,122.8810094,57.14173763
817,816,56.84028738,122.7101397,122.8632216,57.14886793
818,817,56.83822833,122.5446386,122.8451728,57.1568589
819,818,57.05149561,122.6689004,122.8268523,57.16553967
820,819,57.18251738,122.6547008,122.8082493,57.17473936
821,820,57.23780098,122.5622959,122.7893531,57.18428711
822,821,57.36923065,122.6824008,122.770153,57.19401205
823,822,57.56336428,122.9261848,122.7506383,57.20374329
824,823,57.58127416,122.8938809,122.7307981,57.21330998
825,824,57.38723764,122.6459595,122.7106219,57.22254123
826,825,57.28422674,122.6499028,122.6900988,57.23126619
827,826,57.44788254,122.7930457,122.6692181,57.23931397
828,827,57.56439382,122.849592,122.647501,57.24768224
829,828,57.39968906,122.7326145,122.6245592,57.25738196
830,829,57.42709776,122.7272725,122.6005176,57.2682622
831,830,57.42035729,122.7550698,122.5755012,57.28017203
832,831,57.35475899,122.6236984,122.5496349,57.29296052
833,832,57.08807291,122.2351203,122.5230438,57.30647674
834,833,56.93566423,122.0636751,122.4958527,57.32056977
835,834,57.02775825,122.131585,122.4681866,57.33508868
836,835,57.07367898,122.1138694,122.4401705,57.34988254
837,836,57.06812347,121.9193473,122.4119293,57.36480041
838,837,57.19327882,121.8766122,122.383588,57.37969138
839,838,57.4366355,122.1084693,122.3552716,57.3944045
840,839,57.53595563,122.3263208,122.327105,57.40878886
841,840,57.52354302,122.3008741,122.2992133,57.42269353
842,841,57.59308461,122.3934925,122.2717212,57.43596757
843,842,57.71499604,122.5653846,122.2447538,57.44846007
844,843,57.70178702,122.5416084,122.2184362,57.46002008
845,844,57.57905976,122.2755827,122.1929307,57.47078564
846,845,57.5194055,122.2100426,122.1682301,57.48105008
847,846,57.52072638,122.244658,122.1442046,57.49089541
848,847,57.48088567,121.9650349,122.1207242,57.50040366
849,848,57.35460362,121.6065267,122.0976592,57.50965682
850,849,57.33719882,121.6291763,122.0748795,57.51873692
851,850,57.44405585,121.8460372,122.0522553,57.52772598
852,851,57.47626253,122.0491453,122.0296568,57.536706
853,852,57.54222989,122.1493589,122.0069541,57.54575901
854,853,57.70297193,122.2882478,121.9840174,57.55496701
855,854,57.85312733,122.4982906,121.9607166,57.56441202
856,855,57.84677537,122.463209,121.936922,57.57417606
857,856,57.67667045,122.2303807,121.9125037,57.58434114
858,857,57.688578,122.1489121,121.8873319,57.59498927
859,858,57.76961917,122.1802836,121.8612765,57.60620248
860,859,57.65942104,122.1042929,121.8342079,57.61806277
861,860,57.448815,121.930167,121.805996,57.63065216
862,861,57.45194242,121.9179875,121.7772847,57.64379186
863,862,57.65852752,121.9295454,121.7487407,57.65723551
864,863,57.75200069,121.6135975,121.7202684,57.67096376
865,864,57.61456865,121.1060023,121.6917723,57.68495727
866,865,57.64044278,121.0716006,121.6631567,57.69919671
867,866,57.76823996,121.2631119,121.6343262,57.71366273
868,867,57.72259118,121.2954157,121.6051853,57.72833599
869,868,57.56210166,121.1381118,121.5756382,57.74319716
870,869,57.54609548,121.1852175,121.5455896,57.75822688
871,870,57.68275051,121.449087,121.5149438,57.77340582
872,871,57.77214444,121.4999417,121.4836053,57.78871464
873,872,57.68236198,121.326418,121.4514786,57.80413399
874,873,57.72981732,121.3150155,121.418468,57.81964454
875,874,57.93620816,121.4449689,121.3844781,57.83522695
876,875,57.99630915,121.4391414,121.3494133,57.85086187
877,876,57.89683361,121.3646658,121.313178,57.86652996
878,877,57.8558857,121.4867133,121.2756767,57.88221189
879,878,57.9093239,121.5296814,121.2363101,57.89774509
880,879,57.92055158,121.3614802,121.1947226,57.91302638
881,880,57.80841092,120.9996892,121.1511839,57.92812548
882,881,57.70178701,120.9337024,121.1059636,57.94311209
883,882,57.83362463,121.1392579,121.0593316,57.95805594
884,883,57.93096342,121.2385586,121.0115575,57.97302674
885,884,57.9142773,121.1122183,120.9629111,57.98809419
886,885,57.98177925,121.1986985,120.913662,58.00332803
887,886,58.10798361,121.3402486,120.86408,58.01879795
888,887,58.15613822,121.2135393,120.8144348,58.03457369
889,888,58.06367516,121.0142775,120.7649962,58.05072494
890,889,58.1195998,121.0561189,120.7160338,58.06732142
891,890,58.23090514,121.0934344,120.6678173,58.08443286
892,891,58.19092842,120.9566823,120.6206165,58.10212895
893,892,58.0729603,120.6250971,120.5747012,58.12047943
894,893,58.1700271,120.5293706,120.5303409,58.139554
895,894,58.33125478,120.681624,120.4878055,58.15942237
896,895,58.36505431,120.5596931,120.4454772,58.17995475
897,896,58.24289038,120.0781858,120.4017048,58.20095969
898,897,58.1943278,119.9242425,120.3567078,58.22241442
899,898,58.24318174,120.0464453,120.3107056,58.24429616
900,899,58.3128787,120.1315657,120.2639179,58.26658215
901,900,58.33943266,120.081993,120.2165642,58.28924962
902,901,58.41214052,120.0575952,120.1688639,58.31227581
903,902,58.5825368,120.076554,120.1210365,58.33563793
904,903,58.62888492,119.9133062,120.0733017,58.35931324
905,904,58.5326534,119.6047203,120.0258788,58.38327894
906,905,58.62000767,119.6073815,119.9789874,58.40751229
907,906,58.75258345,119.9067988,119.9328471,58.4319905
908,907,58.60918796,120.0118493,119.8876773,58.45669081
909,908,58.23916074,119.8731935,119.8436975,58.48159045
910,909,58.18405196,119.7502525,119.8011273,58.50666666
911,910,58.31921124,119.7018648,119.7601861,58.53189666
912,911,58.28385774,119.5773893,119.7210935,58.55725768
913,912,58.02719496,119.3177739,119.6830528,58.58260464
914,913,57.98506212,119.2062549,119.6451669,58.60784497
915,914,58.11736591,119.2116939,119.6075045,58.63303471
916,915,58.22503878,119.2227662,119.5701344,58.6582299
917,916,58.39856248,119.26892,119.5331254,58.68348657
918,917,58.6780108,119.3786714,119.4965464,58.70886076
919,918,58.95266115,119.5393746,119.4604661,58.73440852
920,919,59.03416854,119.5749806,119.4249533,58.76018586
921,920,58.96155781,119.4911811,119.3900767,58.78624884
922,921,58.93958812,119.5316823,119.3559053,58.81265348
923,922,59.11435502,119.7857615,119.3225078,58.83945582
924,923,59.13026409,119.8804002,119.289953,58.8667119
925,924,58.97849642,119.8050699,119.2583097,58.89447776
926,925,58.93826725,119.8077312,119.2276467,58.92280943
927,926,59.0548562,119.8290599,119.1980327,58.95176295
928,927,59.07711723,119.4637918,119.1695366,58.98139435
929,928,58.91722994,118.9335858,119.1422272,59.01175968
930,929,58.91552054,118.7445027,119.1162901,59.04316125
931,930,59.01738535,118.819833,119.0917826,59.07577983
932,931,59.04228822,118.7323038,119.0685808,59.10948907
933,932,59.00040787,118.5544483,119.046561,59.14416264
934,933,59.1224747,118.7214647,119.0255992,59.17967421
935,934,59.46680258,119.051418,119.0055718,59.21589745
936,935,59.68154618,119.1177933,118.9863549,59.25270603
937,936,59.6010489,119.043784,118.9678246,59.2899736
938,937,59.58154619,119.027195,118.9498573,59.32757385
939,938,59.6674242,119.0427739,118.932329,59.36538042
940,939,59.71635585,118.900272,118.915116,59.403267
941,940,59.67156174,118.8175991,118.8980944,59.44110725
942,941,59.69100619,118.8898213,118.8811405,59.47877483
943,942,59.70862465,119.1820318,118.8641303,59.51614342
944,943,59.48414915,119.1130341,118.8469402,59.55308667
945,944,59.13341104,118.7595182,118.8294463,59.58947826
946,945,59.13737373,118.6526418,118.8117122,59.62629192
947,946,59.30637139,118.6675602,118.7939337,59.66444933
948,947,59.41682205,118.4653846,118.776185,59.70374611
949,948,59.38259516,118.2226301,118.7585407,59.74397786
950,949,59.47478629,118.297261,118.7410751,59.78494019
951,950,59.67259129,118.5701437,118.7238626,59.82642871
952,951,59.69990286,118.6212121,118.7069777,59.86823904
953,952,59.6195804,118.4851981,118.6904947,59.91016677
954,953,59.74539623,118.5871794,118.674488,59.95200753
955,954,59.9932595,118.9141608,118.6590321,59.9935569
956,955,60.15202021,119.0858391,118.6442013,60.03461052
957,956,60.01746306,119.0144133,118.6300701,60.07496398
958,957,59.94347319,119.023912,118.6167128,60.11441289
959,958,60.07534963,119.1101009,118.6042039,60.15275286
960,959,60.1322261,119.0038267,118.5926177,60.1897795
961,960,60.00442891,118.5756215,118.5820287,60.22528843
962,961,60.11120826,118.3674047,118.5725113,60.25907524
963,962,60.30332172,118.3737373,118.5634229,60.29213068
964,963,60.39751362,118.3787878,118.5541573,60.32552177
965,964,60.4190754,118.3371018,118.5448437,60.35915855
966,965,60.58729609,118.6354311,118.5356111,60.39295106
967,966,60.81555947,118.905672,118.5265887,60.42680934
968,967,60.84518264,118.7567598,118.5179054,60.46064343
969,968,60.65044683,118.3891219,118.5096903,60.49436337
970,969,60.65353541,118.3332944,118.5020725,60.52787919
971,970,60.89477471,118.5439199,118.4951811,60.56110095
972,971,60.99545458,118.5663558,118.4891451,60.59393867
973,972,60.98822848,118.4065656,118.4840936,60.6263024
974,973,60.96946388,118.406993,118.4801557,60.65810217
975,974,60.97062941,118.620843,118.4774605,60.68924803
976,975,60.80512826,118.5827894,118.4761369,60.71965002
977,976,60.53370243,118.2950272,118.4763142,60.74921816
978,977,60.59642584,118.2442307,118.4781212,60.77786252
979,978,60.84459991,118.3625291,118.4816872,60.80549311
980,979,61.00561391,118.5833139,118.4869937,60.83181523
981,980,60.8391803,118.4329254,118.493868,60.85668488
982,981,60.91649186,118.445979,118.5022076,60.88023816
983,982,61.14611506,118.6742035,118.5119098,60.90261117
984,983,61.14244371,118.7403846,118.5228722,60.92394004
985,984,60.82317409,118.5294289,118.5349923,60.94436086
986,985,60.69889281,118.4136946,118.5481676,60.96400974
987,986,60.96085863,118.6626067,118.5622954,60.98302279
988,987,61.09055949,118.7180652,118.5772734,61.00153612
989,988,61.03475136,118.6020784,118.5929989,61.01968583
990,989,61.07546625,118.5685314,118.6093694,61.03760803
991,990,61.18440178,118.5683372,118.6262824,61.05543883
992,991,61.05479802,118.3819735,118.6436355,61.07331434
993,992,60.53337224,118.0898212,118.661326,61.09137067
994,993,60.5315657,118.2355671,118.6792514,61.10974391
995,994,60.77494179,118.3969114,118.6973093,61.12857018
996,995,60.82099848,118.3936286,118.715397,61.14798559
997,996,60.76804587,118.3607614,118.7360453,61.16692588
998,997,60.95417639,118.6196969,118.7614231,61.18436961
999,998,61.29005441,119.0574203,118.7908857,61.2005171
1000,999,61.4002914,119.1206099,118.8237881,61.21556868
1001,1000,61.37698139,119.0158508,118.8594854,61.22972469
1002,1001,61.41245151,118.8694445,118.8973327,61.24318545
1003,1002,61.55064108,118.9416278,118.9366852,61.25615129
1004,1003,61.46818185,118.8435897,118.976898,61.26882254
1005,1004,61.20971254,118.6535936,119.0173262,61.28139953
1006,1005,61.26952223,118.8398407,119.0573248,61.29408259
1007,1006,61.61447172,119.2715034,119.0962491,61.30707205
1008,1007,61.59865973,119.2537101,119.1334541,61.32056824
1009,1008,61.28506222,118.8671328,119.168295,61.33477149
1010,1009,61.19265738,118.7667248,119.2001268,61.34988212
1011,1010,61.29320131,118.983916,119.2283047,61.36610046
1012,1011,61.36540415,119.1873931,119.2521838,61.38362685
1013,1012,61.29764965,119.1196969,119.2711192,61.40266162
1014,1013,61.39405597,119.3937257,119.2904819,61.42205011
1015,1014,61.61688037,119.6669969,119.3154122,61.44062258
1016,1015,61.65275841,119.5592657,119.344919,61.45855666
1017,1016,61.51631705,119.3297591,119.3780112,61.47603
1018,1017,61.54545457,119.4166861,119.4136978,61.49322026
1019,1018,61.74943668,119.5917055,119.4509877,61.51030508
1020,1019,61.83294485,119.6738927,119.4888899,61.5274621
1021,1020,61.76109169,119.6960956,119.5264132,61.54486898
1022,1021,61.76433569,119.8189005,119.5625667,61.56270337
1023,1022,61.88467368,120.1338967,119.5963592,61.5811429
1024,1023,61.71208239,120.1474553,119.6267998,61.60036523
1025,1024,61.28354701,119.7012821,119.6528972,61.62054801
1026,1025,61.12855479,119.4315462,119.6736605,61.64186889
1027,1026,61.26520981,119.529662,119.6880986,61.6645055
1028,1027,61.39493004,119.5675018,119.6952204,61.6886355
1029,1028,61.42478628,119.5907147,119.6940349,61.71443655
1030,1029,61.54749415,119.665132,119.6835511,61.74208627
1031,1030,61.86280108,119.869017,119.6702321,61.7706852
1032,1031,62.02748639,119.7885392,119.6603935,61.79929395
1033,1032,61.94059829,119.4988539,119.6528221,61.82803034
1034,1033,62.01445224,119.5114996,119.646305,61.85701218
1035,1034,62.22297981,119.6455905,119.6396291,61.88635729
1036,1035,62.19281275,119.6384616,119.6315813,61.91618348
1037,1036,62.0269231,119.4623543,119.6209486,61.94660856
1038,1037,62.08916086,119.5167056,119.6065179,61.97775035
1039,1038,62.28139085,119.6940559,119.5870763,62.00972666
1040,1039,62.10003886,119.380847,119.5614106,62.0426553
1041,1040,61.58560605,118.7000971,119.5283079,62.07665408
1042,1041,61.44436672,118.4894134,119.4865551,62.11184083
1043,1042,61.63277001,118.694833,119.4349391,62.14833335
1044,1043,61.64285159,118.728749,119.3722469,62.18624945
1045,1044,61.5271756,118.7870241,119.2972655,62.22570696
1046,1045,61.76633642,119.1757381,119.2087818,62.26682368
1047,1046,62.14289039,119.4602952,119.1055828,62.30971743
1048,1047,62.37428123,119.3785547,118.9921385,62.3539311
1049,1048,62.34922295,119.3820706,118.8736008,62.39894847
1050,1049,62.41497662,119.3919774,118.7497788,62.44479863
1051,1050,62.71583133,119.5267676,118.6204818,62.49151068
1052,1051,62.877059,119.5771561,118.4855191,62.5391137
1053,1052,62.76452987,119.2260877,118.3447,62.5876368
1054,1053,62.83686861,119.1134615,118.1978337,62.63710908
1055,1054,63.19932008,119.2875484,118.0447296,62.68755963
1056,1055,63.12053225,118.8719113,117.8851968,62.73901754
1057,1056,62.92177541,118.2477661,117.7190448,62.79151192
1058,1057,62.91983291,118.0455904,117.5460826,62.84507186
1059,1058,62.80005826,117.8813714,117.3661197,62.89972646
1060,1059,62.71721056,117.7372766,117.1789653,62.95550481
1061,1060,62.73749026,117.5813908,116.9844287,63.01243601
1062,1061,62.85472027,117.6443278,116.7823191,63.07054916
1063,1062,63.12280497,118.0384809,116.5724458,63.12987335
1064,1063,63.09996115,117.9370046,116.3546181,63.19043768
1065,1064,62.98568376,117.4996114,116.1285575,63.25224977
1066,1065,63.21008157,117.4317793,115.8941896,63.31528844
1067,1066,63.5725136,117.5645882,115.6516301,63.37953964
1068,1067,63.74906765,117.5636752,115.4009947,63.4449893
1069,1068,63.60217565,117.1972804,115.1423989,63.51162337
1070,1069,63.49557113,116.99932,114.8759585,63.57942778
1071,1070,63.63686871,116.8795454,114.601789,63.64838847
1072,1071,63.67468921,116.376282,114.3200061,63.71849138
1073,1072,63.54390058,115.5370047,114.0307255,63.78972244
1074,1073,63.37645691,114.8215035,113.7340628,63.86206759
1075,1074,63.15994562,114.2337218,113.4301336,63.93551277
1076,1075,63.03603341,113.3412781,113.1190537,64.01004392
1077,1076,63.14609561,112.2592463,112.8009385,64.08564697
1078,1077,64.08362471,109.7480769,112.4759039,64.16230787
1079,1078,65.52146463,105.7080614,112.1440653,64.24001255
1080,1079,66.20468143,103.776826,111.8055385,64.31874694
