row,xmin,xmax
0,63.19607622,100.4861113
1,62.33016709,101.7897438
2,60.38817021,104.3078479
3,59.22082364,106.1382092
4,58.67847708,106.9031858
5,58.67647631,107.491997
6,59.04599845,107.954293
7,59.27049341,108.5290406
8,59.32775839,108.9941144
9,59.44331782,109.4505246
10,59.59116163,109.9831198
11,59.70095183,110.2910258
12,59.68364416,110.5255246
13,59.59170558,110.8585665
14,59.58803424,111.3109169
15,59.52787494,111.5562938
16,59.51814299,111.7079643
17,59.61557889,111.8634422
18,59.76569545,112.0181042
19,59.90270012,112.1957265
20,59.93249809,112.4160452
21,59.8577895,112.5482325
22,59.89557116,112.7634034
23,59.82799153,112.848582
24,59.65726501,112.7877429
25,59.53803423,112.8089161
26,59.47937065,112.8451244
27,59.48442116,113.1429099
28,59.39030695,113.1500583
29,59.5329643,113.172941
30,59.79450276,113.2485626
31,59.79380347,113.3060994
32,59.60386565,113.4283993
33,59.48275064,113.5710178
34,59.51204357,113.6643162
35,59.52332952,113.7884032
36,59.41148027,113.8125097
37,59.37468928,113.83446
38,59.45314691,113.9479798
39,59.28251756,114.006216
40,58.96857036,113.8802642
41,58.85141804,113.8752136
42,58.95679876,114.0313131
43,58.94527972,114.1288461
44,58.82142581,114.1455711
45,58.77175603,114.1577699
46,58.86822069,114.3219502
47,58.92010488,114.5246892
48,58.78038075,114.5327117
49,58.62121213,114.4951826
50,58.59434731,114.612063
51,58.60860529,114.7012238
52,58.50229213,114.5899573
53,58.57962311,114.5973
54,58.68855864,114.5459014
55,58.55027192,114.3972612
56,58.2685314,114.2598486
57,58.10033015,114.2122767
58,58.08106054,114.2289434
59,58.01099448,114.2054197
60,57.83061373,114.1373544
61,57.82917629,114.2853342
62,57.89920348,114.4864026
63,57.85586624,114.6076924
64,57.54887322,114.3055557
65,57.51651114,114.2894912
66,57.64805736,114.4506023
67,57.73801463,114.5952022
68,57.72705894,114.6117134
69,57.79193851,114.7101789
70,57.89463858,114.8714648
71,57.79986388,114.865987
72,57.55895479,114.7533801
73,57.47626245,114.7291182
74,57.59747459,114.82129
75,57.62898197,114.9436093
76,57.59566807,114.9864609
77,57.67896254,115.0452799
78,57.80549713,115.096426
79,57.7450076,115.1311967
80,57.58943265,115.0766124
81,57.56676367,115.1445611
82,57.69205505,115.4377429
83,57.73426557,115.5889473
84,57.72707834,115.5999807
85,57.81893927,115.7124127
86,58.04285148,115.9038657
87,58.11769609,115.9358781
88,58.06198511,115.8110529
89,58.12886545,115.8112472
90,58.23733474,115.9730382
91,58.15048547,116.0121602
92,57.8879952,115.8929876
93,57.82365954,115.897805
94,57.94978621,116.0971447
95,57.72362067,116.1554585
96,57.29432774,116.0075952
97,57.18426557,115.9620824
98,57.31227645,116.0219309
99,57.36206279,116.017366
100,57.35475898,115.9815851
101,57.45516691,116.1133839
102,57.63475124,116.3644329
103,57.70386542,116.4409092
104,57.65132078,116.3832363
105,57.6684148,116.4939006
106,57.81095559,116.7352565
107,57.85928503,116.8396271
108,57.87022128,116.7220086
109,57.92309618,116.6541764
110,58.00833319,116.8163365
111,57.94256005,117.0343435
112,57.82245515,117.0458625
113,57.88894699,117.045474
114,58.06080013,117.1780692
115,58.13785921,117.2587025
116,58.06322828,117.2881703
117,58.14862067,117.4069348
118,58.24386154,117.5744174
119,58.24436658,117.5735821
120,58.1238732,117.4379566
121,58.10353521,117.4007771
122,58.28793692,117.5126652
123,58.37896257,117.5334889
124,58.34864012,117.4309247
125,58.45454531,117.5362472
126,58.59017079,117.7553809
127,58.56188796,117.7670747
128,58.29992214,117.6031858
129,58.1403456,117.5654236
130,58.09790194,117.6488347
131,58.06808453,117.695241
132,58.05233085,117.675175
133,58.18323607,117.7817989
134,58.36377219,117.9876652
135,58.49088951,118.0310996
136,58.48715992,117.9044291
137,58.53228425,117.9199691
138,58.63028348,118.0630149
139,58.54092839,117.998213
140,58.2946191,117.8075759
141,58.23175976,117.8176769
142,58.25792525,117.9339162
143,58.20427335,117.7580809
144,58.15916845,117.4231547
145,58.21649166,117.4356061
146,58.27527177,117.6791571
147,58.28970457,117.7697942
148,58.23772318,117.6711345
149,58.32435878,117.7205905
150,58.51056706,117.91622
151,58.54520186,117.9722417
152,58.48111871,117.8610334
153,58.47059034,117.84561
154,58.42997262,117.9041764
155,58.23146833,117.8332557
156,58.06967734,117.7225914
157,58.09289027,117.7873932
158,58.24415287,118.0323816
159,58.3397434,118.0985044
160,58.19469682,117.914666
161,58.19322053,117.9409674
162,58.36373332,118.1545262
163,58.40186465,118.2120242
164,58.33484835,118.140171
165,58.40885766,118.1625487
166,58.5123736,118.2751166
167,58.51398587,118.2338579
168,58.294522,118.1167444
169,58.16823996,118.1744368
170,58.31691905,118.4012045
171,58.29440545,118.4678323
172,58.08785923,118.4133839
173,58.10184525,118.5039434
174,58.29052046,118.60068
175,58.29230756,118.440579
176,58.07517471,118.1726302
177,57.98795635,118.1904818
178,58.02193071,118.4346349
179,58.01872561,118.3676769
180,58.01297579,118.1975331
181,58.07053212,118.2229799
182,58.19320113,118.4158703
183,58.28541169,118.5323622
184,58.37913737,118.4250195
185,58.5234264,118.4295066
186,58.62175589,118.6042541
187,58.59139457,118.5850428
188,58.51099442,118.4253885
189,58.57560202,118.473854
190,58.68323606,118.4853148
191,58.57074579,118.2486016
192,58.31855077,117.863753
193,58.31219878,117.877603
194,58.42297966,118.1378595
195,58.46179087,118.2390833
196,58.47604884,118.1636947
197,58.56536508,118.2424826
198,58.68387714,118.4501361
199,58.72437831,118.4886171
200,58.58463472,118.3590133
201,58.557226,118.3887141
202,58.68576137,118.5305556
203,58.66476296,118.4758159
204,58.49201622,118.30169
205,58.48104107,118.3761073
206,58.57954535,118.6565269
207,58.46925009,118.6954935
208,58.23725707,118.3655983
209,58.17319339,118.2567017
210,58.34242412,118.3531664
211,58.3499222,118.384091
212,58.18642181,118.260645
213,58.23220657,118.2801477
214,58.47412578,118.5007577
215,58.53224544,118.6274088
216,58.48681032,118.5319736
217,58.60858576,118.457129
218,58.73669376,118.523213
219,58.66874504,118.5732519
220,58.48304185,118.4858586
221,58.54700844,118.4726885
222,58.70361294,118.5483101
223,58.66779322,118.4503109
224,58.42808849,118.0979604
225,58.45932391,117.9418609
226,58.66204343,118.0011655
227,58.63174039,118.0026613
228,58.48207062,117.8566045
229,58.50901312,117.9148019
230,58.68576141,118.1601788
231,58.70569145,118.2661811
232,58.53315845,118.1848485
233,58.47781655,118.2416667
234,58.64395873,118.4173466
235,58.74017083,118.3887529
236,58.73092452,118.1887335
237,58.85374891,118.2297397
238,59.10339925,118.370882
239,59.22490277,118.3085276
240,59.05310787,118.084227
241,58.95553607,118.1097514
242,59.02744747,118.3083528
243,59.10856632,118.4189395
244,59.1250193,118.3419775
245,59.15606051,118.3918027
246,59.28088568,118.5787491
247,59.24506596,118.5227856
248,59.06217943,118.2389083
249,59.0564102,118.184596
250,59.19786314,118.3142774
251,59.28548946,118.2765929
252,59.26365572,118.087568
253,59.20992612,118.0731935
254,59.30829439,118.1469309
255,59.28395485,118.0653069
256,59.17196959,117.8197747
257,59.22527186,117.8815657
258,59.35858575,118.077098
259,59.29079244,118.0976885
260,59.20328272,118.0183567
261,59.2533216,118.0763598
262,59.43609159,118.2911034
263,59.53311957,118.3436869
264,59.54658111,118.1910451
265,59.61443271,118.1944056
266,59.7992229,118.4147241
267,59.84531848,118.5264568
268,59.73632467,118.3958819
269,59.72296028,118.3671717
270,59.74230761,118.4857809
271,59.73667435,118.4727662
272,59.67463085,118.2328478
273,59.73484843,118.1725137
274,59.85479792,118.3545067
275,59.74844593,118.4069931
276,59.61439385,118.3411811
277,59.66010094,118.4507576
278,59.84108385,118.6147631
279,59.94032626,118.5521174
280,59.88766505,118.350641
281,59.9214063,118.3694056
282,60.0859168,118.5438229
283,60.1002913,118.5091687
284,60.03416852,118.3305556
285,60.09388102,118.3283995
286,60.17995329,118.5110141
287,60.09549332,118.509868
288,59.86317009,118.227331
289,59.833139,118.1056138
290,59.90510868,118.2213481
291,60.04327886,118.3739899
292,60.20734258,118.4480769
293,60.4266899,118.6291764
294,60.60607994,118.852059
295,60.58218717,118.9120824
296,60.41507373,118.828613
297,60.42824389,118.8495338
298,60.59368679,118.9924437
299,60.52461141,118.9609945
300,60.31423844,118.8088578
301,60.24527963,118.8541763
302,60.3158313,118.9909868
303,60.29700846,118.945338
304,60.08376059,118.8075369
305,60.04104497,118.9027
306,60.1986596,119.104662
307,60.23659666,119.1497474
308,60.06958034,119.0700271
309,60.0581196,119.1376262
310,60.11225711,119.3390442
311,60.09646457,119.4569541
312,60.06880334,119.4765345
313,60.23502326,119.631857
314,60.41320894,119.8274087
315,60.48430451,119.8493589
316,60.42892377,119.7552447
317,60.39085077,119.7557886
318,60.43873345,119.8429876
319,60.40788651,119.8042152
320,60.26866737,119.6137528
321,60.22288259,119.6482711
322,60.2729603,119.8299339
323,60.29191912,119.8608002
324,60.18479015,119.8039432
325,60.23743194,119.9923853
326,60.34419188,120.2338577
327,60.32177538,120.2397629
328,60.1172882,120.1903457
329,60.06689969,120.3560799
330,60.18896653,120.6586052
331,60.15415691,120.7735041
332,60.07315453,120.7132672
333,60.04502713,120.7752913
334,60.14240474,121.0097901
335,60.02797194,121.1008934
336,59.73047776,120.9286324
337,59.66179088,120.9472998
338,59.78003099,121.1047395
339,59.83440165,121.2082166
340,59.83589739,121.1996501
341,59.96000383,121.3041179
342,60.1200854,121.4780301
343,60.05349648,121.5183758
344,59.74048171,121.4460371
345,59.6201437,121.4896074
346,59.70553607,121.6260681
347,59.66235423,121.6206097
348,59.44156946,121.4887721
349,59.42808849,121.5826921
350,59.64613434,121.86756
351,59.6391025,121.9321676
352,59.35545834,121.7117519
353,59.22505819,121.6572259
354,59.28807294,121.8077116
355,59.30532237,121.8713285
356,59.10639074,121.8305165
357,59.08556714,121.9755632
358,59.26225714,122.2507962
359,59.28108002,122.271814
360,59.20551666,122.0280107
361,59.26367513,121.9187061
362,59.38624707,122.0229213
363,59.41536514,122.0495724
364,59.42758343,121.9203378
365,59.55844977,121.9320511
366,59.70343816,122.1582554
367,59.78618872,122.2031661
368,59.69838762,122.0425794
369,59.72051272,121.9711537
370,59.8761654,122.0993977
371,59.93040007,122.1939392
372,59.84250188,122.2161615
373,59.89087017,122.3845764
374,60.02523303,122.6322647
375,59.95384609,122.7510293
376,59.7094599,122.661752
377,59.58109936,122.6638693
378,59.5987567,122.8481738
379,59.51829828,122.8742227
380,59.38776217,122.729079
381,59.41491834,122.7263595
382,59.57235812,122.9179679
383,59.62171711,122.9431427
384,59.40742027,122.8215422
385,59.36812349,122.8117907
386,59.45056327,122.956274
387,59.45345757,123.0639664
388,59.46567591,123.1602756
389,59.68341096,123.3161419
390,59.93006985,123.5062546
391,59.93581967,123.4899182
392,59.8116744,123.3161419
393,59.75967361,123.3531272
394,59.82770003,123.496037
395,59.81330607,123.47871
396,59.72546613,123.3632282
397,59.72892377,123.4283215
398,59.81649178,123.6190752
399,59.730167,123.577117
400,59.46173263,123.3814683
401,59.35934335,123.4569345
402,59.35846922,123.673504
403,59.36313122,123.7375483
404,59.39611492,123.6767869
405,59.61625867,123.8172297
406,59.85369068,124.0750774
407,59.80493388,124.0636555
408,59.56344203,123.9294287
409,59.55720661,124.0033797
410,59.79623145,124.2406369
411,59.90392377,124.2939002
412,59.73826719,124.1593237
413,59.67422289,124.153807
414,59.78379943,124.2632281
415,59.71410248,124.3330416
416,59.46270387,124.2297395
417,59.45155391,124.2627619
418,59.59716387,124.371309
419,59.58292534,124.3456874
420,59.46064484,124.2712895
421,59.48187639,124.4263983
422,59.61637522,124.6675405
423,59.60745913,124.6725716
424,59.49030687,124.5047005
425,59.46800693,124.5737759
426,59.53912192,124.8612661
427,59.49374506,124.9368295
428,59.36522914,124.8143354
429,59.40819727,124.8281854
430,59.53568366,124.9491645
431,59.45153448,124.9063711
432,59.13420741,124.6658893
433,59.08482899,124.661033
434,59.18191526,124.8668605
435,59.1875485,124.9874511
436,59.13335271,125.0188031
437,59.30811961,125.1328086
438,59.56097506,125.2914138
439,59.47709784,125.1897821
440,59.28383832,124.8891994
441,59.29172485,124.8395685
442,59.3939199,125.0056718
443,59.43655782,124.9851784
444,59.3750971,124.8047394
445,59.4539821,124.8289235
446,59.57560212,124.9765148
447,59.56822059,124.9398792
448,59.32973965,124.6493392
449,59.20547779,124.5951046
450,59.22507762,124.7476104
451,59.20137907,124.7408505
452,59.17266893,124.56756
453,59.28815065,124.6204932
454,59.43445994,124.7922297
455,59.28780101,124.7322452
456,58.98026413,124.6163167
457,59.00264174,124.769891
458,59.25108775,124.9880534
459,59.40854694,125.0154232
460,59.40071865,124.9117907
461,59.43960753,125.094755
462,59.56847311,125.4211536
463,59.68125477,125.4327308
464,59.60200069,125.0839741
465,59.55505043,125.0195802
466,59.57297972,125.1706679
467,59.53234258,125.1744946
468,59.42076526,125.0407728
469,59.46237365,125.0945802
470,59.50683752,125.2825172
471,59.33240085,125.2269616
472,59.08832546,124.9922685
473,59.18205121,124.9713478
474,59.52907919,125.1391994
475,59.63150732,125.1892188
476,59.48888883,125.0886943
477,59.41080024,125.1843431
478,59.45844981,125.4223773
479,59.43970466,125.3919771
480,59.27130916,125.0237759
481,59.17111492,124.8353726
482,59.16493778,124.8587797
483,59.07938998,124.9409865
484,59.00036901,124.9438613
485,59.15683752,125.0543897
486,59.43115766,125.3035932
487,59.52169769,125.3765342
488,59.36431616,125.185159
489,59.35301081,125.18242
490,59.47812734,125.2638691
491,59.40949876,125.2040595
492,59.15652672,124.9970471
493,59.22130917,124.9248249
494,59.46338377,124.9983485
495,59.49087019,124.9712312
496,59.20574976,124.7606834
497,59.03644129,124.7152095
498,59.14999994,124.8345179
499,59.32111494,124.8663945
500,59.3627233,124.7174046
501,59.48368294,124.7298559
502,59.72614603,124.9257767
503,59.74625091,124.9576144
504,59.48022527,124.8034185
505,59.32012424,124.8156175
506,59.36625869,124.9639663
507,59.35031074,125.0169577
508,59.23354697,124.880128
509,59.23127419,124.8115382
510,59.35573035,124.8260292
511,59.40429284,124.7694053
512,59.22907917,124.5155398
513,59.10345758,124.4512624
514,59.16146068,124.6081971
515,59.23348865,124.6327503
516,59.21874505,124.5412584
517,59.30017475,124.6372763
518,59.43896652,124.8917441
519,59.41148014,124.8666081
520,59.34409473,124.6261847
521,59.49782437,124.6034768
522,59.81511264,124.832692
523,59.8472416,124.8866353
524,59.61816234,124.7626259
525,59.55854695,124.7787487
526,59.64741641,124.7953765
527,59.62975909,124.6304387
528,59.46268448,124.3190557
529,59.47626253,124.390501
530,59.59728044,124.6773697
531,59.66946378,124.7346151
532,59.61612269,124.5641218
533,59.63574198,124.5736595
534,59.76245141,124.8533603
535,59.70466194,124.9478824
536,59.46963865,124.7635001
537,59.45093233,124.7166081
538,59.72202791,124.9129756
539,59.75763397,124.9673463
540,59.50233094,124.8081971
541,59.38733483,124.8479406
542,59.50388495,124.9528551
543,59.51829831,124.7067207
544,59.29514369,124.1655787
545,59.22334878,124.0185507
546,59.30664327,124.2253882
547,59.31820116,124.3389662
548,59.20559431,124.1773696
549,59.28267279,124.0970471
550,59.46287873,124.2518257
551,59.51756012,124.3073036
552,59.41845371,124.1133836
553,59.47810794,124.0447744
554,59.66282045,124.1874706
555,59.64362853,124.2766508
556,59.44450264,124.1574977
557,59.47997272,124.0862857
558,59.72779713,124.1021365
559,59.65786705,124.0154814
560,59.26668602,123.748504
561,59.10864406,123.7497472
562,59.28762618,123.9027192
563,59.38475127,123.8406563
564,59.34864018,123.612121
565,59.38587795,123.6223774
566,59.54184142,123.7698909
567,59.60693467,123.7302639
568,59.46651122,123.5774279
569,59.35681812,123.6403261
570,59.43150733,123.8533991
571,59.44858191,123.872727
572,59.36429677,123.701107
573,59.42047389,123.8168024
574,59.51835657,123.8913361
575,59.40967359,123.6315265
576,59.21571478,123.3135972
577,59.25306909,123.3590712
578,59.42929286,123.5240867
579,59.49226878,123.4924434
580,59.43026409,123.4303804
581,59.45553605,123.5665693
582,59.55825555,123.7992227
583,59.51392764,123.6638496
584,59.37799136,123.4021947
585,59.3981934,123.3984651
586,59.56402478,123.6345956
587,59.54030684,123.6704347
588,59.34459975,123.424786
589,59.2978243,123.3310409
590,59.39877614,123.4126454
591,59.38315842,123.2974161
592,59.20271941,122.881138
593,59.23626643,122.8221053
594,59.38815069,123.0839741
595,59.38813127,123.1825172
596,59.24106445,122.9716198
597,59.27639856,122.9517286
598,59.49312348,123.174922
599,59.50203956,123.2167829
600,59.3053807,122.9832359
601,59.32437833,122.8780495
602,59.49489115,123.0217363
603,59.50949875,123.1374122
604,59.38681034,123.0768062
605,59.33591679,123.0121403
606,59.35258342,122.9957067
607,59.29137521,122.8756213
608,59.04409472,122.4812352
609,59.0197163,122.2849259
610,59.1770589,122.3593042
611,59.38245908,122.3617519
612,59.56462691,122.2913944
613,59.81959972,122.455089
614,60.09615372,122.7220083
615,60.17550494,122.8030883
616,59.96987167,122.7060021
617,59.88780098,122.7537877
618,60.04731922,122.9205126
619,60.1022726,122.9978435
620,59.93411024,122.9135973
621,59.78378003,122.9453378
622,59.68026405,122.9755436
623,59.53273103,122.7148404
624,59.2951631,122.2540402
625,59.29597894,122.1029718
626,59.48354694,122.1636944
627,59.65021358,122.0922491
628,59.61215994,121.9566236
629,59.68381884,122.2160447
630,59.84028736,122.4766702
631,59.96050882,122.3978435
632,59.93793699,122.1853921
633,60.01175206,122.2418412
634,60.14259896,122.5192887
635,60.10879946,122.5828863
636,59.98624704,122.5033991
637,59.9990287,122.5327114
638,60.03566427,122.5868489
639,59.93935501,122.4850618
640,59.74022912,122.1651123
641,59.58978233,122.0944053
642,59.61418014,122.220765
643,59.49168597,122.2652872
644,59.28512032,122.2001551
645,59.30677923,122.1726104
646,59.50953757,122.321134
647,59.52323219,122.3380533
648,59.34079246,122.1722024
649,59.29088959,122.2582359
650,59.38411027,122.5315459
651,59.34238532,122.5349259
652,59.19953373,122.3227464
653,59.18232317,122.2810603
654,59.26890045,122.4005435
655,59.19426951,122.3181232
656,59.02033792,122.1203959
657,59.07880722,122.0743781
658,59.25945993,122.2630922
659,59.31761843,122.3038654
660,59.20079636,122.1822064
661,59.16101391,122.2352367
662,59.25064092,122.4461924
663,59.22152283,122.3796228
664,59.06489889,122.1756795
665,59.04630918,122.2255825
666,59.1424436,122.5482708
667,59.00841098,122.6897044
668,58.79296807,122.5553999
669,58.81715221,122.4783409
670,58.9485236,122.5629756
671,58.7305166,122.5158117
672,58.30017474,122.2281661
673,58.12890434,122.1920743
674,58.09512424,122.3163945
675,57.97092063,122.3074979
676,57.80207837,122.1833526
677,57.86130525,122.3680456
678,58.17624309,122.6166858
679,58.25553604,122.7388304
680,58.1098484,122.6370239
681,58.10979014,122.6129369
682,58.28191521,122.7993782
683,58.3606254,122.9258545
684,58.29318174,122.8820705
685,58.27010481,122.8870627
686,58.27904031,123.052156
687,58.19166659,123.0151319
688,57.92937056,122.800058
689,57.77680645,122.7048172
690,57.86726874,122.8106059
691,57.93863627,122.9081195
692,57.89992218,122.9288265
693,57.93918016,123.0156758
694,58.07566035,123.2300697
695,58.06303411,123.2379562
696,57.87814677,123.0065655
697,57.81482119,123.0211924
698,57.92729207,123.2864411
699,57.94696959,123.3514955
700,57.88282819,123.2001551
701,57.90677923,123.1554
702,57.9557691,123.2019423
703,57.87428115,123.149786
704,57.7104117,122.9621015
705,57.72113431,122.9477465
706,57.79885379,122.9919578
707,57.77476679,122.9713867
708,57.66693848,122.9042538
709,57.71169374,122.9749414
710,57.87635962,123.1725716
711,57.91045054,123.1297006
712,57.82222209,122.9320315
713,57.80823607,123.0276609
714,57.92200841,123.3568373
715,57.94502709,123.4211535
716,57.83929668,123.2821676
717,57.76332546,123.275563
718,57.77206671,123.432828
719,57.59325939,123.4295452
720,57.3353534,123.2692111
721,57.37309626,123.2987566
722,57.54254068,123.4733681
723,57.57702011,123.5580417
724,57.48343036,123.5390635
725,57.5687839,123.6726494
726,57.8169385,123.9508739
727,57.79341481,124.032459
728,57.50219494,123.8919967
729,57.35876058,123.8465615
730,57.41353913,123.8910642
731,57.34491053,123.8892772
732,57.15639074,123.6915499
733,57.19448319,123.6388886
734,57.3817598,123.7304194
735,57.39691131,123.6039625
736,57.21456867,123.2835856
737,57.21695793,123.1602367
738,57.37041555,123.2377426
739,57.38768439,123.2343237
740,57.18945208,123.1236011
741,57.20075747,123.2132864
742,57.36509311,123.4102367
743,57.40611875,123.4371209
744,57.26656942,123.2525833
745,57.27837986,123.2236206
746,57.50075746,123.3962507
747,57.49636742,123.4355669
748,57.43698513,123.2778358
749,57.41252904,123.2264372
750,57.51726871,123.3898211
751,57.55755621,123.4362662
752,57.37548551,123.3005242
753,57.31637518,123.2111497
754,57.39399757,123.23918
755,57.3965034,123.2230572
756,57.35790588,123.1285545
757,57.46631692,123.2149764
758,57.66928893,123.3796423
759,57.70495325,123.367521
760,57.54069533,123.2787099
761,57.54267667,123.3305165
762,57.73719881,123.5472025
763,57.82243579,123.5975522
764,57.72249407,123.5386555
765,57.70506982,123.6622763
766,57.74322054,123.8434534
767,57.68968518,123.7172102
768,57.36495715,123.3640052
769,57.37311565,123.2644714
770,57.61629748,123.3544093
771,57.76078076,123.3773308
772,57.81942489,123.3084108
773,57.84024852,123.4728631
774,57.91773494,123.7407924
775,57.90518636,123.7568374
776,57.82651504,123.5298949
777,57.91623921,123.5024862
778,58.05675981,123.6436284
779,57.97874891,123.5600814
780,57.75648785,123.2550309
781,57.72907915,123.2243782
782,57.82836041,123.4412586
783,57.68772327,123.3303222
784,57.27981729,122.8764567
785,57.15844979,122.7914917
786,57.26418015,122.9391024
787,57.20757563,122.9159477
788,57.01258729,122.751243
789,56.98463468,122.8004466
790,57.17060981,122.9980379
791,57.31930835,122.9964062
792,57.3656953,122.8745725
793,57.44357023,122.9618491
794,57.54920347,123.2439198
795,57.4375873,123.4260877
796,57.25512808,123.362898
797,57.22863236,123.309285
798,57.28966579,123.4088576
799,57.18300301,123.3603727
800,56.90695403,122.9505049
801,56.88403251,122.7502329
802,57.01181032,122.8383254
803,57.04498822,122.8582555
804,56.98972405,122.8297396
805,57.08826717,122.9404233
806,57.25567198,123.1684925
807,57.21050879,123.2752718
808,56.98059428,123.1880534
809,56.9329447,123.1776222
810,57.07740857,123.3546424
811,57.076651,123.3514567
812,56.93725705,123.1929291
813,56.99172483,123.2681816
814,57.17876834,123.4141995
815,57.11767666,123.2052057
816,56.84028738,122.7101397
817,56.83822833,122.5446386
818,57.05149561,122.6689004
819,57.18251738,122.6547008
820,57.23780098,122.5622959
821,57.36923065,122.6824008
822,57.56336428,122.9261848
823,57.58127416,122.8938809
824,57.38723764,122.6459595
825,57.28422674,122.6499028
826,57.44788254,122.7930457
827,57.56439382,122.849592
828,57.39968906,122.7326145
829,57.42709776,122.7272725
830,57.42035729,122.7550698
831,57.35475899,122.6236984
832,57.08807291,122.2351203
833,56.93566423,122.0636751
834,57.02775825,122.131585
835,57.07367898,122.1138694
836,57.06812347,121.9193473
837,57.19327882,121.8766122
838,57.4366355,122.1084693
839,57.53595563,122.3263208
840,57.52354302,122.3008741
841,57.59308461,122.3934925
842,57.71499604,122.5653846
843,57.70178702,122.5416084
844,57.57905976,122.2755827
845,57.5194055,122.2100426
846,57.52072638,122.244658
847,57.48088567,121.9650349
848,57.35460362,121.6065267
849,57.33719882,121.6291763
850,57.44405585,121.8460372
851,57.47626253,122.0491453
852,57.54222989,122.1493589
853,57.70297193,122.2882478
854,57.85312733,122.4982906
855,57.84677537,122.463209
856,57.67667045,122.2303807
857,57.688578,122.1489121
858,57.76961917,122.1802836
859,57.65942104,122.1042929
860,57.448815,121.930167
861,57.45194242,121.9179875
862,57.65852752,121.9295454
863,57.75200069,121.6135975
864,57.61456865,121.1060023
865,57.64044278,121.0716006
866,57.76823996,121.2631119
867,57.72259118,121.2954157
868,57.56210166,121.1381118
869,57.54609548,121.1852175
870,57.68275051,121.449087
871,57.77214444,121.4999417
872,57.68236198,121.326418
873,57.72981732,121.3150155
874,57.93620816,121.4449689
875,57.99630915,121.4391414
876,57.89683361,121.3646658
877,57.8558857,121.4867133
878,57.9093239,121.5296814
879,57.92055158,121.3614802
880,57.80841092,120.9996892
881,57.70178701,120.9337024
882,57.83362463,121.1392579
883,57.93096342,121.2385586
884,57.9142773,121.1122183
885,57.98177925,121.1986985
886,58.10798361,121.3402486
887,58.15613822,121.2135393
888,58.06367516,121.0142775
889,58.1195998,121.0561189
890,58.23090514,121.0934344
891,58.19092842,120.9566823
892,58.0729603,120.6250971
893,58.1700271,120.5293706
894,58.33125478,120.681624
895,58.36505431,120.5596931
896,58.24289038,120.0781858
897,58.1943278,119.9242425
898,58.24318174,120.0464453
899,58.3128787,120.1315657
900,58.33943266,120.081993
901,58.41214052,120.0575952
902,58.5825368,120.076554
903,58.62888492,119.9133062
904,58.5326534,119.6047203
905,58.62000767,119.6073815
906,58.75258345,119.9067988
907,58.60918796,120.0118493
908,58.23916074,119.8731935
909,58.18405196,119.7502525
910,58.31921124,119.7018648
911,58.28385774,119.5773893
912,58.02719496,119.3177739
913,57.98506212,119.2062549
914,58.11736591,119.2116939
915,58.22503878,119.2227662
916,58.39856248,119.26892
917,58.6780108,119.3786714
918,58.95266115,119.5393746
919,59.03416854,119.5749806
920,58.96155781,119.4911811
921,58.93958812,119.5316823
922,59.11435502,119.7857615
923,59.13026409,119.8804002
924,58.97849642,119.8050699
925,58.93826725,119.8077312
926,59.0548562,119.8290599
927,59.07711723,119.4637918
928,58.91722994,118.9335858
929,58.91552054,118.7445027
930,59.01738535,118.819833
931,59.04228822,118.7323038
932,59.00040787,118.5544483
933,59.1224747,118.7214647
934,59.46680258,119.051418
935,59.68154618,119.1177933
936,59.6010489,119.043784
937,59.58154619,119.027195
938,59.6674242,119.0427739
939,59.71635585,118.900272
940,59.67156174,118.8175991
941,59.69100619,118.8898213
942,59.70862465,119.1820318
943,59.48414915,119.1130341
944,59.13341104,118.7595182
945,59.13737373,118.6526418
946,59.30637139,118.6675602
947,59.41682205,118.4653846
948,59.38259516,118.2226301
949,59.47478629,118.297261
950,59.67259129,118.5701437
951,59.69990286,118.6212121
952,59.6195804,118.4851981
953,59.74539623,118.5871794
954,59.9932595,118.9141608
955,60.15202021,119.0858391
956,60.01746306,119.0144133
957,59.94347319,119.023912
958,60.07534963,119.1101009
959,60.1322261,119.0038267
960,60.00442891,118.5756215
961,60.11120826,118.3674047
962,60.30332172,118.3737373
963,60.39751362,118.3787878
964,60.4190754,118.3371018
965,60.58729609,118.6354311
966,60.81555947,118.905672
967,60.84518264,118.7567598
968,60.65044683,118.3891219
969,60.65353541,118.3332944
970,60.89477471,118.5439199
971,60.99545458,118.5663558
972,60.98822848,118.4065656
973,60.96946388,118.406993
974,60.97062941,118.620843
975,60.80512826,118.5827894
976,60.53370243,118.2950272
977,60.59642584,118.2442307
978,60.84459991,118.3625291
979,61.00561391,118.5833139
980,60.8391803,118.4329254
981,60.91649186,118.445979
982,61.14611506,118.6742035
983,61.14244371,118.7403846
984,60.82317409,118.5294289
985,60.69889281,118.4136946
986,60.96085863,118.6626067
987,61.09055949,118.7180652
988,61.03475136,118.6020784
989,61.07546625,118.5685314
990,61.18440178,118.5683372
991,61.05479802,118.3819735
992,60.53337224,118.0898212
993,60.5315657,118.2355671
994,60.77494179,118.3969114
995,60.82099848,118.3936286
996,60.76804587,118.3607614
997,60.95417639,118.6196969
998,61.29005441,119.0574203
999,61.4002914,119.1206099
1000,61.37698139,119.0158508
1001,61.41245151,118.8694445
1002,61.55064108,118.9416278
1003,61.46818185,118.8435897
1004,61.20971254,118.6535936
1005,61.26952223,118.8398407
1006,61.61447172,119.2715034
1007,61.59865973,119.2537101
1008,61.28506222,118.8671328
1009,61.19265738,118.7667248
1010,61.29320131,118.983916
1011,61.36540415,119.1873931
1012,61.29764965,119.1196969
1013,61.39405597,119.3937257
1014,61.61688037,119.6669969
1015,61.65275841,119.5592657
1016,61.51631705,119.3297591
1017,61.54545457,119.4166861
1018,61.74943668,119.5917055
1019,61.83294485,119.6738927
1020,61.76109169,119.6960956
1021,61.76433569,119.8189005
1022,61.88467368,120.1338967
1023,61.71208239,120.1474553
1024,61.28354701,119.7012821
1025,61.12855479,119.4315462
1026,61.26520981,119.529662
1027,61.39493004,119.5675018
1028,61.42478628,119.5907147
1029,61.54749415,119.665132
1030,61.86280108,119.869017
1031,62.02748639,119.7885392
1032,61.94059829,119.4988539
1033,62.01445224,119.5114996
1034,62.22297981,119.6455905
1035,62.19281275,119.6384616
1036,62.0269231,119.4623543
1037,62.08916086,119.5167056
1038,62.28139085,119.6940559
1039,62.10003886,119.380847
1040,61.58560605,118.7000971
1041,61.44436672,118.4894134
1042,61.63277001,118.694833
1043,61.64285159,118.728749
1044,61.5271756,118.7870241
1045,61.76633642,119.1757381
1046,62.14289039,119.4602952
1047,62.37428123,119.3785547
1048,62.34922295,119.3820706
1049,62.41497662,119.3919774
1050,62.71583133,119.5267676
1051,62.877059,119.5771561
1052,62.76452987,119.2260877
1053,62.83686861,119.1134615
1054,63.19932008,119.2875484
1055,63.12053225,118.8719113
1056,62.92177541,118.2477661
1057,62.91983291,118.0455904
1058,62.80005826,117.8813714
1059,62.71721056,117.7372766
1060,62.73749026,117.5813908
1061,62.85472027,117.6443278
1062,63.12280497,118.0384809
1063,63.09996115,117.9370046
1064,62.98568376,117.4996114
1065,63.21008157,117.4317793
1066,63.5725136,117.5645882
1067,63.74906765,117.5636752
1068,63.60217565,117.1972804
1069,63.49557113,116.99932
1070,63.63686871,116.8795454
1071,63.67468921,116.376282
1072,63.54390058,115.5370047
1073,63.37645691,114.8215035
1074,63.15994562,114.2337218
1075,63.03603341,113.3412781
1076,63.14609561,112.2592463
1077,64.08362471,109.7480769
1078,65.52146463,105.7080614
1079,66.20468143,103.776826
